periode_data,tanggal,jenis_moda,jumlah_penumpang_per_hari
202402,2/25/2024,KAPAL,4535
202402,2/26/2024,KAPAL,1830
202402,2/27/2024,KAPAL,1673
202402,2/28/2024,KAPAL,1479
202402,2/29/2024,KAPAL,1477
202402,2/1/2024,TRANSJAKARTA,1155322
202402,2/2/2024,TRANSJAKARTA,1152107
202402,2/3/2024,TRANSJAKARTA,801212
202402,2/4/2024,TRANSJAKARTA,670195
202402,2/5/2024,TRANSJAKARTA,1159398
202402,2/6/2024,TRANSJAKARTA,1168189
202402,2/7/2024,TRANSJAKARTA,1180123
202402,2/8/2024,TRANSJAKARTA,696518
202402,2/9/2024,TRANSJAKARTA,774403
202402,2/10/2024,TRANSJAKARTA,683082
202402,2/11/2024,TRANSJAKARTA,645873
202402,2/12/2024,TRANSJAKARTA,1147300
202402,2/13/2024,TRANSJAKARTA,1157441
202402,2/14/2024,TRANSJAKARTA,471864
202402,2/15/2024,TRANSJAKARTA,1111148
202402,2/16/2024,TRANSJAKARTA,1129816
202402,2/17/2024,TRANSJAKARTA,742067
202402,2/18/2024,TRANSJAKARTA,649062
202402,2/19/2024,TRANSJAKARTA,1173362
202402,2/20/2024,TRANSJAKARTA,1194157
202402,2/21/2024,TRANSJAKARTA,1200226
202402,2/22/2024,TRANSJAKARTA,1179609
202402,2/23/2024,TRANSJAKARTA,1172659
202402,2/24/2024,TRANSJAKARTA,769879
202402,2/25/2024,TRANSJAKARTA,667620
202402,2/26/2024,TRANSJAKARTA,1185213
202402,2/27/2024,TRANSJAKARTA,1197537
202402,2/28/2024,TRANSJAKARTA,1171695
202402,2/29/2024,TRANSJAKARTA,1099316
202402,2/1/2024,BUS SEKOLAH,43946
202402,2/2/2024,BUS SEKOLAH,42442
202402,2/3/2024,BUS SEKOLAH,1114
202402,2/4/2024,BUS SEKOLAH,1148
202402,2/5/2024,BUS SEKOLAH,44991
202402,2/6/2024,BUS SEKOLAH,46237
202402,2/7/2024,BUS SEKOLAH,44381
202402,2/8/2024,BUS SEKOLAH,1182
202402,2/9/2024,BUS SEKOLAH,410
202402,2/10/2024,BUS SEKOLAH,622
202402,2/11/2024,BUS SEKOLAH,1221
202402,2/12/2024,BUS SEKOLAH,44413
202402,2/13/2024,BUS SEKOLAH,45514
202402,2/14/2024,BUS SEKOLAH,54
202402,2/15/2024,BUS SEKOLAH,45426
202402,2/16/2024,BUS SEKOLAH,42860
202402,2/17/2024,BUS SEKOLAH,1001
202402,2/18/2024,BUS SEKOLAH,1106
202402,2/19/2024,BUS SEKOLAH,47108
202402,2/20/2024,BUS SEKOLAH,45658
202402,2/21/2024,BUS SEKOLAH,44373
202402,2/22/2024,BUS SEKOLAH,44771
202402,2/23/2024,BUS SEKOLAH,42241
202402,2/24/2024,BUS SEKOLAH,1286
202402,2/25/2024,BUS SEKOLAH,1017
202402,2/26/2024,BUS SEKOLAH,43609
202402,2/27/2024,BUS SEKOLAH,42678
202402,2/28/2024,BUS SEKOLAH,42113
202401,1/1/2024,TRANSJAKARTA,632778
202401,1/2/2024,TRANSJAKARTA,1045214
202401,1/3/2024,TRANSJAKARTA,1041663
202401,1/4/2024,TRANSJAKARTA,1097752
202401,1/5/2024,TRANSJAKARTA,1105303
202401,1/6/2024,TRANSJAKARTA,716205
202401,1/7/2024,TRANSJAKARTA,624900
202401,1/8/2024,TRANSJAKARTA,1137742
202401,1/9/2024,TRANSJAKARTA,1150147
202401,1/10/2024,TRANSJAKARTA,1147436
202401,1/11/2024,TRANSJAKARTA,1125270
202401,1/12/2024,TRANSJAKARTA,1129099
202401,1/13/2024,TRANSJAKARTA,758105
202401,1/14/2024,TRANSJAKARTA,683688
202401,1/15/2024,TRANSJAKARTA,1154750
202401,1/16/2024,TRANSJAKARTA,1158105
202401,1/17/2024,TRANSJAKARTA,1131647
202401,1/18/2024,TRANSJAKARTA,1142880
202401,1/19/2024,TRANSJAKARTA,1066005
202401,1/20/2024,TRANSJAKARTA,781421
202401,1/21/2024,TRANSJAKARTA,651780
202401,1/22/2024,TRANSJAKARTA,1157462
202401,1/23/2024,TRANSJAKARTA,1165510
202401,1/24/2024,TRANSJAKARTA,1168437
202401,1/25/2024,TRANSJAKARTA,1152249
202401,1/26/2024,TRANSJAKARTA,1145915
202401,1/27/2024,TRANSJAKARTA,693411
202401,1/28/2024,TRANSJAKARTA,639808
202401,1/29/2024,TRANSJAKARTA,1114347
202401,1/30/2024,TRANSJAKARTA,1120316
202401,1/31/2024,TRANSJAKARTA,1095146
202401,1/1/2024,BUS SEKOLAH,0
202401,1/2/2024,BUS SEKOLAH,40401
202401,1/3/2024,BUS SEKOLAH,42323
202401,1/4/2024,BUS SEKOLAH,44479
202401,1/5/2024,BUS SEKOLAH,41464
202401,1/6/2024,BUS SEKOLAH,0
202401,1/7/2024,BUS SEKOLAH,0
202401,1/8/2024,BUS SEKOLAH,45700
202401,1/9/2024,BUS SEKOLAH,45637
202401,1/10/2024,BUS SEKOLAH,45400
202401,1/11/2024,BUS SEKOLAH,44760
202401,1/12/2024,BUS SEKOLAH,40776
202401,1/13/2024,BUS SEKOLAH,0
202401,1/14/2024,BUS SEKOLAH,0
202401,1/15/2024,BUS SEKOLAH,46806
202401,1/16/2024,BUS SEKOLAH,46224
202401,1/17/2024,BUS SEKOLAH,47063
202401,1/18/2024,BUS SEKOLAH,45509
202401,1/19/2024,BUS SEKOLAH,42145
202401,1/20/2024,BUS SEKOLAH,3278
202401,1/21/2024,BUS SEKOLAH,1008
202401,1/22/2024,BUS SEKOLAH,47053
202401,1/23/2024,BUS SEKOLAH,44602
202401,1/24/2024,BUS SEKOLAH,45968
202401,1/25/2024,BUS SEKOLAH,46116
202401,1/26/2024,BUS SEKOLAH,44698
202401,1/27/2024,BUS SEKOLAH,1392
202401,1/28/2024,BUS SEKOLAH,914
202401,1/29/2024,BUS SEKOLAH,46226
202401,1/30/2024,BUS SEKOLAH,44065
202401,1/31/2024,BUS SEKOLAH,43668
202401,1/1/2024,KRL,870760
202401,1/2/2024,KRL,988279
202401,1/3/2024,KRL,911701
202401,1/4/2024,KRL,958012
202401,1/5/2024,KRL,947322
202401,1/6/2024,KRL,798322
202401,1/7/2024,KRL,798114
202401,1/8/2024,KRL,688412
202401,1/9/2024,KRL,950789
202401,1/10/2024,KRL,919683
202401,1/11/2024,KRL,920561
202401,1/12/2024,KRL,902018
202401,1/13/2024,KRL,922799
202401,1/14/2024,KRL,732353
202401,1/15/2024,KRL,944556
202401,1/16/2024,KRL,917677
202401,1/17/2024,KRL,902426
202401,1/18/2024,KRL,905853
202401,1/19/2024,KRL,838859
202401,1/20/2024,KRL,783001
202401,1/21/2024,KRL,657590
202401,1/22/2024,KRL,937463
202401,1/23/2024,KRL,900344
202401,1/24/2024,KRL,904134
202401,1/25/2024,KRL,897113
202401,1/26/2024,KRL,916574
202401,1/27/2024,KRL,717013
202401,1/28/2024,KRL,659556
202401,1/29/2024,KRL,906586
202401,1/30/2024,KRL,875459
202401,1/31/2024,KRL,889474
202401,1/1/2024,MRT,57856
202401,1/2/2024,MRT,99620
202401,1/3/2024,MRT,104306
202401,1/4/2024,MRT,115248
202401,1/5/2024,MRT,115113
202401,1/6/2024,MRT,57512
202401,1/7/2024,MRT,57570
202401,1/8/2024,MRT,112782
202401,1/9/2024,MRT,118892
202401,1/10/2024,MRT,120091
202401,1/11/2024,MRT,120445
202401,1/12/2024,MRT,120521
202401,1/13/2024,MRT,75462
202401,1/14/2024,MRT,73436
202401,1/15/2024,MRT,112177
202401,1/16/2024,MRT,121723
202401,1/17/2024,MRT,118208
202401,1/18/2024,MRT,118295
202401,1/19/2024,MRT,109609
202401,1/20/2024,MRT,76604
202401,1/21/2024,MRT,62549
202401,1/22/2024,MRT,111503
202401,1/23/2024,MRT,118575
202401,1/24/2024,MRT,120181
202401,1/25/2024,MRT,119008
202401,1/26/2024,MRT,121141
202401,1/27/2024,MRT,60894
202401,1/28/2024,MRT,61391
202401,1/29/2024,MRT,109988
202401,1/30/2024,MRT,118291
202401,1/31/2024,MRT,124709
202401,1/1/2024,LRT,3166
202401,1/2/2024,LRT,2901
202401,1/3/2024,LRT,2795
202401,1/4/2024,LRT,2784
202401,1/5/2024,LRT,3219
202401,1/6/2024,LRT,2863
202401,1/7/2024,LRT,2405
202401,1/8/2024,LRT,2959
202401,1/9/2024,LRT,3057
202401,1/10/2024,LRT,2993
202401,1/11/2024,LRT,2952
202401,1/12/2024,LRT,3242
202401,1/13/2024,LRT,3450
202401,1/14/2024,LRT,2729
202401,1/15/2024,LRT,3002
202401,1/16/2024,LRT,2944
202401,1/17/2024,LRT,3402
202401,1/18/2024,LRT,3029
202401,1/19/2024,LRT,2835
202401,1/20/2024,LRT,3268
202401,1/21/2024,LRT,2830
202401,1/22/2024,LRT,2900
202401,1/23/2024,LRT,2963
202401,1/24/2024,LRT,3645
202401,1/25/2024,LRT,3028
202401,1/26/2024,LRT,3454
202401,1/27/2024,LRT,2896
202401,1/28/2024,LRT,2533
202401,1/29/2024,LRT,3031
202401,1/30/2024,LRT,3010
202401,1/31/2024,LRT,3346
202401,1/1/2024,KCI COMMUTER BANDARA,6723
202401,1/2/2024,KCI COMMUTER BANDARA,6920
202401,1/3/2024,KCI COMMUTER BANDARA,6053
202401,1/4/2024,KCI COMMUTER BANDARA,5804
202401,1/5/2024,KCI COMMUTER BANDARA,5864
202401,1/6/2024,KCI COMMUTER BANDARA,5087
202401,1/7/2024,KCI COMMUTER BANDARA,5841
202401,1/8/2024,KCI COMMUTER BANDARA,5877
202401,1/9/2024,KCI COMMUTER BANDARA,5430
202401,1/10/2024,KCI COMMUTER BANDARA,6008
202401,1/11/2024,KCI COMMUTER BANDARA,5789
202401,1/12/2024,KCI COMMUTER BANDARA,6376
202401,1/13/2024,KCI COMMUTER BANDARA,5029
202401,1/14/2024,KCI COMMUTER BANDARA,5624
202401,1/15/2024,KCI COMMUTER BANDARA,6400
202401,1/16/2024,KCI COMMUTER BANDARA,5659
202401,1/17/2024,KCI COMMUTER BANDARA,5989
202401,1/18/2024,KCI COMMUTER BANDARA,5865
202401,1/19/2024,KCI COMMUTER BANDARA,6121
202401,1/20/2024,KCI COMMUTER BANDARA,5146
202401,1/21/2024,KCI COMMUTER BANDARA,5341
202401,1/22/2024,KCI COMMUTER BANDARA,5859
202401,1/23/2024,KCI COMMUTER BANDARA,5836
202401,1/24/2024,KCI COMMUTER BANDARA,6403
202401,1/25/2024,KCI COMMUTER BANDARA,6392
202401,1/26/2024,KCI COMMUTER BANDARA,6716
202401,1/27/2024,KCI COMMUTER BANDARA,4922
202401,1/28/2024,KCI COMMUTER BANDARA,5470
202401,1/29/2024,KCI COMMUTER BANDARA,6307
202401,1/30/2024,KCI COMMUTER BANDARA,5920
202401,1/31/2024,KCI COMMUTER BANDARA,6602
202401,1/1/2024,KAPAL,14321
202401,1/2/2024,KAPAL,4932
202401,1/3/2024,KAPAL,3118
202401,1/4/2024,KAPAL,2696
202401,1/5/2024,KAPAL,2326
202401,1/6/2024,KAPAL,6791
202402,2/15/2024,KCI COMMUTER BANDARA,5568
202402,2/16/2024,KCI COMMUTER BANDARA,5712
202402,2/17/2024,KCI COMMUTER BANDARA,4737
202402,2/18/2024,KCI COMMUTER BANDARA,5568
202402,2/19/2024,KCI COMMUTER BANDARA,6108
202402,2/20/2024,KCI COMMUTER BANDARA,5845
202402,2/21/2024,KCI COMMUTER BANDARA,5924
202402,2/22/2024,KCI COMMUTER BANDARA,5971
202402,2/23/2024,KCI COMMUTER BANDARA,6573
202402,2/24/2024,KCI COMMUTER BANDARA,5377
202402,2/25/2024,KCI COMMUTER BANDARA,5302
202402,2/26/2024,KCI COMMUTER BANDARA,6437
202402,2/27/2024,KCI COMMUTER BANDARA,5991
202402,2/28/2024,KCI COMMUTER BANDARA,6801
202402,2/29/2024,KCI COMMUTER BANDARA,7184
202402,2/1/2024,KAPAL,1233
202402,2/2/2024,KAPAL,1272
202402,2/3/2024,KAPAL,5898
202402,2/4/2024,KAPAL,5522
202402,2/5/2024,KAPAL,1618
202402,2/6/2024,KAPAL,1620
202402,2/7/2024,KAPAL,1776
202402,2/8/2024,KAPAL,7519
202402,2/9/2024,KAPAL,7042
202401,1/7/2024,KAPAL,5661
202401,1/8/2024,KAPAL,1484
202401,1/9/2024,KAPAL,1530
202401,1/10/2024,KAPAL,1610
202401,1/11/2024,KAPAL,1498
202401,1/12/2024,KAPAL,1430
202401,1/13/2024,KAPAL,4388
202401,1/14/2024,KAPAL,4196
202401,1/15/2024,KAPAL,1650
202401,1/16/2024,KAPAL,2001
202401,1/17/2024,KAPAL,1958
202401,1/18/2024,KAPAL,1295
202401,1/19/2024,KAPAL,1464
202401,1/20/2024,KAPAL,3822
202401,1/21/2024,KAPAL,3575
202401,1/22/2024,KAPAL,1321
202401,1/23/2024,KAPAL,945
202401,1/24/2024,KAPAL,1252
202401,1/25/2024,KAPAL,1097
202401,1/26/2024,KAPAL,1420
202401,1/27/2024,KAPAL,5021
202401,1/28/2024,KAPAL,4420
202401,1/29/2024,KAPAL,1366
202401,1/30/2024,KAPAL,1280
202401,1/31/2024,KAPAL,983
202402,2/14/2024,KCI COMMUTER BANDARA,4357
202402,2/10/2024,KAPAL,10388
202402,2/11/2024,KAPAL,6878
202402,2/12/2024,KAPAL,1754
202402,2/13/2024,KAPAL,1770
202402,2/14/2024,KAPAL,921
202402,2/15/2024,KAPAL,1267
202402,2/16/2024,KAPAL,1773
202402,2/17/2024,KAPAL,4653
202402,2/18/2024,KAPAL,3981
202402,2/19/2024,KAPAL,2037
202402,2/20/2024,KAPAL,1688
202402,2/21/2024,KAPAL,1622
202402,2/22/2024,KAPAL,1713
202402,2/23/2024,KAPAL,1383
202402,2/24/2024,KAPAL,4346
202402,2/29/2024,BUS SEKOLAH,41390
202402,2/1/2024,KRL,912547
202402,2/2/2024,KRL,933427
202402,2/3/2024,KRL,781356
202402,2/4/2024,KRL,663353
202402,2/5/2024,KRL,955287
202402,2/6/2024,KRL,916043
202402,2/7/2024,KRL,984008
202402,2/8/2024,KRL,712380
202402,2/9/2024,KRL,734837
202402,2/10/2024,KRL,816076
202402,2/11/2024,KRL,658295
202402,2/12/2024,KRL,945498
202402,2/13/2024,KRL,1005819
202402,2/14/2024,KRL,568902
202402,2/15/2024,KRL,922880
202402,2/16/2024,KRL,915763
202402,2/17/2024,KRL,703450
202402,2/18/2024,KRL,632151
202402,2/19/2024,KRL,964524
202402,2/20/2024,KRL,933261
202402,2/21/2024,KRL,927220
202402,2/22/2024,KRL,924451
202402,2/23/2024,KRL,930374
202402,2/24/2024,KRL,731736
202402,2/25/2024,KRL,657342
202402,2/26/2024,KRL,966121
202402,2/27/2024,KRL,937269
202402,2/28/2024,KRL,919349
202402,2/29/2024,KRL,923111
202402,2/1/2024,MRT,122452
202402,2/2/2024,MRT,122765
202402,2/3/2024,MRT,85521
202402,2/4/2024,MRT,65821
202402,2/5/2024,MRT,116416
202402,2/6/2024,MRT,121948
202402,2/7/2024,MRT,132746
202402,2/8/2024,MRT,68137
202402,2/9/2024,MRT,73290
202402,2/10/2024,MRT,97425
202402,2/11/2024,MRT,53484
202402,2/12/2024,MRT,111592
202402,2/13/2024,MRT,119741
202402,2/14/2024,MRT,38477
202402,2/15/2024,MRT,110014
202402,2/16/2024,MRT,108287
202402,2/17/2024,MRT,57070
202402,2/18/2024,MRT,52133
202402,2/19/2024,MRT,114008
202402,2/20/2024,MRT,120693
202402,2/21/2024,MRT,119410
202402,2/22/2024,MRT,118832
202402,2/23/2024,MRT,113483
202402,2/24/2024,MRT,61023
202402,2/25/2024,MRT,56516
202402,2/26/2024,MRT,114168
202402,2/27/2024,MRT,121579
202402,2/28/2024,MRT,124706
202402,2/29/2024,MRT,118773
202402,2/1/2024,LRT,3107
202402,2/2/2024,LRT,3293
202402,2/3/2024,LRT,3515
202402,2/4/2024,LRT,2611
202402,2/5/2024,LRT,3248
202402,2/6/2024,LRT,3232
202402,2/7/2024,LRT,3458
202402,2/8/2024,LRT,3606
202403,3/1/2024,TRANSJAKARTA,1199898
202403,3/2/2024,TRANSJAKARTA,791038
202403,3/3/2024,TRANSJAKARTA,703924
202403,3/4/2024,TRANSJAKARTA,1209113
202403,3/5/2024,TRANSJAKARTA,1235499
202403,3/6/2024,TRANSJAKARTA,1235063
202403,3/7/2024,TRANSJAKARTA,1237464
202403,3/8/2024,TRANSJAKARTA,1221948
202403,3/9/2024,TRANSJAKARTA,747057
202403,3/10/2024,TRANSJAKARTA,704383
202403,3/11/2024,TRANSJAKARTA,593917
202403,3/12/2024,TRANSJAKARTA,714500
202403,3/13/2024,TRANSJAKARTA,1100220
202403,3/14/2024,TRANSJAKARTA,1148676
202403,3/15/2024,TRANSJAKARTA,1141872
202403,3/16/2024,TRANSJAKARTA,656466
202403,3/17/2024,TRANSJAKARTA,550347
202403,3/18/2024,TRANSJAKARTA,1193240
202403,3/19/2024,TRANSJAKARTA,1186975
202403,3/20/2024,TRANSJAKARTA,1186823
202403,3/21/2024,TRANSJAKARTA,1189852
202403,3/22/2024,TRANSJAKARTA,1070739
202403,3/23/2024,TRANSJAKARTA,738182
202403,3/24/2024,TRANSJAKARTA,602385
202403,3/25/2024,TRANSJAKARTA,1189677
202403,3/26/2024,TRANSJAKARTA,1187533
202403,3/27/2024,TRANSJAKARTA,1188138
202403,3/28/2024,TRANSJAKARTA,1164143
202403,3/29/2024,TRANSJAKARTA,662301
202403,3/30/2024,TRANSJAKARTA,713388
202403,3/31/2024,TRANSJAKARTA,621075
202403,3/1/2024,BUS SEKOLAH,41457
202403,3/2/2024,BUS SEKOLAH,2360
202403,3/3/2024,BUS SEKOLAH,1438
202403,3/4/2024,BUS SEKOLAH,38316
202403,3/5/2024,BUS SEKOLAH,38640
202403,3/6/2024,BUS SEKOLAH,39357
202403,3/7/2024,BUS SEKOLAH,38558
202403,3/8/2024,BUS SEKOLAH,34906
202403,3/9/2024,BUS SEKOLAH,226
202403,3/10/2024,BUS SEKOLAH,208
202403,3/11/2024,BUS SEKOLAH,0
202403,3/12/2024,BUS SEKOLAH,0
202403,3/13/2024,BUS SEKOLAH,174
202403,3/14/2024,BUS SEKOLAH,35386
202403,3/15/2024,BUS SEKOLAH,32493
202403,3/16/2024,BUS SEKOLAH,408
202403,3/17/2024,BUS SEKOLAH,0
202403,3/18/2024,BUS SEKOLAH,35614
202403,3/19/2024,BUS SEKOLAH,34906
202403,3/20/2024,BUS SEKOLAH,32408
202403,3/21/2024,BUS SEKOLAH,33605
202403,3/22/2024,BUS SEKOLAH,26432
202403,3/23/2024,BUS SEKOLAH,567
202403,3/24/2024,BUS SEKOLAH,1151
202403,3/25/2024,BUS SEKOLAH,33457
202403,3/26/2024,BUS SEKOLAH,34558
202403,3/27/2024,BUS SEKOLAH,36023
202403,3/28/2024,BUS SEKOLAH,32521
202403,3/29/2024,BUS SEKOLAH,0
202403,3/30/2024,BUS SEKOLAH,50
202403,3/31/2024,BUS SEKOLAH,0
202404,4/1/2024,TRANSJAKARTA,1126121
202404,4/2/2024,TRANSJAKARTA,1159140
202404,4/3/2024,TRANSJAKARTA,1144574
202404,4/4/2024,TRANSJAKARTA,1097231
202404,4/5/2024,TRANSJAKARTA,1046450
202404,4/6/2024,TRANSJAKARTA,696891
202404,4/7/2024,TRANSJAKARTA,602737
202404,4/8/2024,TRANSJAKARTA,611444
202404,4/9/2024,TRANSJAKARTA,495614
202404,4/10/2024,TRANSJAKARTA,334789
202404,4/11/2024,TRANSJAKARTA,481280
202404,4/12/2024,TRANSJAKARTA,535906
202404,4/13/2024,TRANSJAKARTA,646987
202404,4/14/2024,TRANSJAKARTA,622202
202404,4/15/2024,TRANSJAKARTA,727403
202404,4/16/2024,TRANSJAKARTA,1016228
202404,4/17/2024,TRANSJAKARTA,1094937
202404,4/18/2024,TRANSJAKARTA,1126816
202404,4/19/2024,TRANSJAKARTA,1134568
202404,4/20/2024,TRANSJAKARTA,769162
202404,4/21/2024,TRANSJAKARTA,668100
202404,4/22/2024,TRANSJAKARTA,1179217
202404,4/23/2024,TRANSJAKARTA,1189935
202404,4/24/2024,TRANSJAKARTA,1202510
202404,4/25/2024,TRANSJAKARTA,1190370
202404,4/26/2024,TRANSJAKARTA,1173290
202404,4/27/2024,TRANSJAKARTA,783384
202404,4/28/2024,TRANSJAKARTA,687410
202404,4/29/2024,TRANSJAKARTA,1170658
202404,4/30/2024,TRANSJAKARTA,1185970
202404,4/1/2024,BUS SEKOLAH,31155
202404,4/2/2024,BUS SEKOLAH,29327
202404,4/3/2024,BUS SEKOLAH,22409
202404,4/4/2024,BUS SEKOLAH,797
202404,4/5/2024,BUS SEKOLAH,0
202404,4/6/2024,BUS SEKOLAH,0
202404,4/7/2024,BUS SEKOLAH,0
202404,4/8/2024,BUS SEKOLAH,98
202404,4/9/2024,BUS SEKOLAH,0
202404,4/10/2024,BUS SEKOLAH,0
202404,4/11/2024,BUS SEKOLAH,0
202404,4/12/2024,BUS SEKOLAH,0
202404,4/13/2024,BUS SEKOLAH,0
202404,4/14/2024,BUS SEKOLAH,0
202404,4/15/2024,BUS SEKOLAH,0
202404,4/16/2024,BUS SEKOLAH,80
202404,4/17/2024,BUS SEKOLAH,26455
202404,4/18/2024,BUS SEKOLAH,28622
202404,4/19/2024,BUS SEKOLAH,29944
202404,4/20/2024,BUS SEKOLAH,983
202404,4/21/2024,BUS SEKOLAH,788
202404,4/22/2024,BUS SEKOLAH,38797
202404,4/23/2024,BUS SEKOLAH,40010
202404,4/24/2024,BUS SEKOLAH,39824
202404,4/25/2024,BUS SEKOLAH,39605
202404,4/26/2024,BUS SEKOLAH,35620
202404,4/27/2024,BUS SEKOLAH,1921
202404,4/28/2024,BUS SEKOLAH,1575
202404,4/29/2024,BUS SEKOLAH,31833
202404,4/30/2024,BUS SEKOLAH,31977
202404,4/1/2024,KRL,1041750
202404,4/2/2024,KRL,1016377
202404,4/3/2024,KRL,1005224
202404,4/11/2024,LRT,2556
202404,4/12/2024,LRT,2122
202404,4/13/2024,LRT,2857
202404,4/14/2024,LRT,2560
202404,4/15/2024,LRT,2845
202404,4/16/2024,LRT,2870
202404,4/17/2024,LRT,2900
202404,4/18/2024,LRT,2962
202404,4/19/2024,LRT,3161
202404,4/20/2024,LRT,2896
202404,4/21/2024,LRT,2407
202404,4/22/2024,LRT,2970
202404,4/23/2024,LRT,2864
202404,4/24/2024,LRT,2938
202404,4/25/2024,LRT,2922
202404,4/26/2024,LRT,3145
202404,4/27/2024,LRT,2994
202404,4/28/2024,LRT,2469
202404,4/29/2024,LRT,3072
202404,4/30/2024,LRT,3108
202404,4/1/2024,KCI COMMUTER BANDARA,6124
202404,4/2/2024,KCI COMMUTER BANDARA,6088
202404,4/3/2024,KCI COMMUTER BANDARA,7148
202404,4/4/2024,KCI COMMUTER BANDARA,8297
202404,4/5/2024,KCI COMMUTER BANDARA,11287
202404,4/6/2024,KCI COMMUTER BANDARA,10747
202404,4/7/2024,KCI COMMUTER BANDARA,6780
202404,4/8/2024,KCI COMMUTER BANDARA,5574
202404,4/9/2024,KCI COMMUTER BANDARA,4478
202404,4/10/2024,KCI COMMUTER BANDARA,3534
202404,4/11/2024,KCI COMMUTER BANDARA,3777
202404,4/12/2024,KCI COMMUTER BANDARA,4705
202404,4/13/2024,KCI COMMUTER BANDARA,6338
202404,4/14/2024,KCI COMMUTER BANDARA,8536
202404,4/15/2024,KCI COMMUTER BANDARA,10129
202404,4/16/2024,KCI COMMUTER BANDARA,8520
202404,4/17/2024,KCI COMMUTER BANDARA,7433
202404,4/18/2024,KCI COMMUTER BANDARA,6743
202404,4/19/2024,KCI COMMUTER BANDARA,7016
202404,4/20/2024,KCI COMMUTER BANDARA,6346
202404,4/21/2024,KCI COMMUTER BANDARA,7306
202404,4/22/2024,KCI COMMUTER BANDARA,7633
202404,4/23/2024,KCI COMMUTER BANDARA,6626
202404,4/24/2024,KCI COMMUTER BANDARA,6489
202404,4/25/2024,KCI COMMUTER BANDARA,6517
202404,4/26/2024,KCI COMMUTER BANDARA,7301
202404,4/27/2024,KCI COMMUTER BANDARA,5716
202404,4/28/2024,KCI COMMUTER BANDARA,5740
202404,4/29/2024,KCI COMMUTER BANDARA,6162
202404,4/30/2024,KCI COMMUTER BANDARA,6248
202404,4/1/2024,KAPAL,1191
202404,4/2/2024,KAPAL,1002
202404,4/3/2024,KAPAL,1363
202404,4/4/2024,KAPAL,1484
202404,4/5/2024,KAPAL,1807
202404,4/6/2024,KAPAL,2889
202404,4/7/2024,KAPAL,3135
202404,4/8/2024,KAPAL,3867
202404,4/9/2024,KAPAL,5043
202404,4/10/2024,KAPAL,6573
202404,4/11/2024,KAPAL,15429
202404,4/12/2024,KAPAL,17105
202404,4/13/2024,KAPAL,21846
202403,3/1/2024,KRL,977267
202403,3/2/2024,KRL,837056
202403,3/3/2024,KRL,793555
202403,3/4/2024,KRL,1024456
202403,3/5/2024,KRL,991360
202403,3/6/2024,KRL,994370
202403,3/7/2024,KRL,1012972
202403,3/8/2024,KRL,1035592
202403,3/9/2024,KRL,837022
202403,3/10/2024,KRL,750603
202403,3/11/2024,KRL,569729
202403,3/12/2024,KRL,585705
202403,3/13/2024,KRL,929293
202403,3/14/2024,KRL,893866
202403,3/15/2024,KRL,900548
202403,3/16/2024,KRL,557040
202403,3/17/2024,KRL,451255
202403,3/18/2024,KRL,957197
202403,3/19/2024,KRL,919024
202403,3/20/2024,KRL,924695
202403,3/21/2024,KRL,935699
202403,3/22/2024,KRL,915091
202403,3/23/2024,KRL,659891
202403,3/24/2024,KRL,539098
202403,3/25/2024,KRL,986301
202403,3/26/2024,KRL,953562
202403,3/27/2024,KRL,966133
202403,3/28/2024,KRL,1019271
202403,3/29/2024,KRL,674165
202403,3/30/2024,KRL,740212
202403,3/31/2024,KRL,669960
202403,3/1/2024,MRT,133521
202403,3/2/2024,MRT,72213
202403,3/3/2024,MRT,67004
202403,3/4/2024,MRT,118607
202403,3/5/2024,MRT,127631
202403,3/6/2024,MRT,131532
202403,3/7/2024,MRT,128627
202403,3/8/2024,MRT,133136
202403,3/9/2024,MRT,62592
202403,3/10/2024,MRT,67319
202403,3/11/2024,MRT,37889
202403,3/12/2024,MRT,52696
202403,3/13/2024,MRT,115590
202403,3/14/2024,MRT,116268
202403,3/15/2024,MRT,117451
202403,3/16/2024,MRT,36948
202403,3/17/2024,MRT,28841
202403,3/18/2024,MRT,116435
202403,3/19/2024,MRT,122338
202403,3/20/2024,MRT,123020
202403,3/21/2024,MRT,129855
202403,3/22/2024,MRT,116985
202403,3/23/2024,MRT,55935
202403,3/24/2024,MRT,40414
202403,3/25/2024,MRT,120394
202403,3/26/2024,MRT,125139
202403,3/27/2024,MRT,117526
202403,3/28/2024,MRT,123619
202403,3/29/2024,MRT,45818
202403,3/30/2024,MRT,51268
202403,3/31/2024,MRT,39745
202403,3/1/2024,LRT,3540
202403,3/2/2024,LRT,3615
202403,3/3/2024,LRT,2674
202403,3/4/2024,LRT,3302
202403,3/5/2024,LRT,3428
202403,3/6/2024,LRT,3614
202403,3/7/2024,LRT,3237
202403,3/8/2024,LRT,3764
202403,3/9/2024,LRT,2290
202403,3/10/2024,LRT,2450
202403,3/11/2024,LRT,2770
202403,3/12/2024,LRT,2236
202403,3/13/2024,LRT,2927
202403,3/14/2024,LRT,2816
202403,3/15/2024,LRT,3172
202403,3/16/2024,LRT,3329
202403,3/17/2024,LRT,1926
202403,3/18/2024,LRT,3040
202403,3/19/2024,LRT,3133
202403,3/20/2024,LRT,3115
202403,3/21/2024,LRT,3141
202403,3/22/2024,LRT,3927
202403,3/23/2024,LRT,2868
202403,3/24/2024,LRT,1995
202403,3/25/2024,LRT,3133
202403,3/26/2024,LRT,3150
202403,3/27/2024,LRT,3079
202403,3/28/2024,LRT,3240
202403,3/29/2024,LRT,2491
202403,3/30/2024,LRT,2629
202403,3/31/2024,LRT,1973
202403,3/1/2024,KCI COMMUTER BANDARA,6603
202403,3/2/2024,KCI COMMUTER BANDARA,5728
202403,3/3/2024,KCI COMMUTER BANDARA,5956
202403,3/4/2024,KCI COMMUTER BANDARA,6720
202403,3/5/2024,KCI COMMUTER BANDARA,6497
202403,3/6/2024,KCI COMMUTER BANDARA,7016
202403,3/7/2024,KCI COMMUTER BANDARA,7421
202403,3/8/2024,KCI COMMUTER BANDARA,8232
202403,3/9/2024,KCI COMMUTER BANDARA,6028
202403,3/10/2024,KCI COMMUTER BANDARA,4514
202403,3/11/2024,KCI COMMUTER BANDARA,"3,911"
202403,3/12/2024,KCI COMMUTER BANDARA,4988
202403,3/13/2024,KCI COMMUTER BANDARA,4830
202403,3/14/2024,KCI COMMUTER BANDARA,4904
202403,3/15/2024,KCI COMMUTER BANDARA,5119
202403,3/16/2024,KCI COMMUTER BANDARA,3549
202403,3/17/2024,KCI COMMUTER BANDARA,3836
202403,3/18/2024,KCI COMMUTER BANDARA,5082
202403,3/19/2024,KCI COMMUTER BANDARA,4782
202403,3/20/2024,KCI COMMUTER BANDARA,5256
202403,3/21/2024,KCI COMMUTER BANDARA,4991
202403,3/22/2024,KCI COMMUTER BANDARA,6554
202403,3/23/2024,KCI COMMUTER BANDARA,4057
202403,3/24/2024,KCI COMMUTER BANDARA,3864
202403,3/25/2024,KCI COMMUTER BANDARA,5498
202403,3/26/2024,KCI COMMUTER BANDARA,5614
202403,3/27/2024,KCI COMMUTER BANDARA,6084
202403,3/28/2024,KCI COMMUTER BANDARA,7033
202403,3/29/2024,KCI COMMUTER BANDARA,5018
202403,3/30/2024,KCI COMMUTER BANDARA,4441
202403,3/31/2024,KCI COMMUTER BANDARA,5095
202403,3/1/2024,KAPAL,2005
202403,3/2/2024,KAPAL,6875
202403,3/3/2024,KAPAL,6170
202403,3/4/2024,KAPAL,2468
202403,3/5/2024,KAPAL,2452
202403,3/6/2024,KAPAL,2150
202402,2/9/2024,LRT,3252
202402,2/10/2024,LRT,2814
202402,2/11/2024,LRT,1450
202402,2/12/2024,LRT,3360
202402,2/13/2024,LRT,3408
202402,2/14/2024,LRT,3351
202402,2/15/2024,LRT,3060
202402,2/16/2024,LRT,3503
202402,2/17/2024,LRT,2800
202402,2/18/2024,LRT,2429
202402,2/19/2024,LRT,3261
202402,2/20/2024,LRT,3023
202402,2/21/2024,LRT,3262
202402,2/22/2024,LRT,3006
202402,2/23/2024,LRT,3235
202402,2/24/2024,LRT,2877
202402,2/25/2024,LRT,2473
202402,2/26/2024,LRT,3013
202402,2/27/2024,LRT,2966
202402,2/28/2024,LRT,3294
202402,2/29/2024,LRT,4027
202402,2/1/2024,KCI COMMUTER BANDARA,6062
202402,2/2/2024,KCI COMMUTER BANDARA,6602
202402,2/3/2024,KCI COMMUTER BANDARA,5495
202402,2/4/2024,KCI COMMUTER BANDARA,5120
202402,2/5/2024,KCI COMMUTER BANDARA,5914
202402,2/6/2024,KCI COMMUTER BANDARA,5682
202402,2/7/2024,KCI COMMUTER BANDARA,8389
202402,2/8/2024,KCI COMMUTER BANDARA,6822
202402,2/9/2024,KCI COMMUTER BANDARA,5147
202402,2/10/2024,KCI COMMUTER BANDARA,5276
202402,2/11/2024,KCI COMMUTER BANDARA,6142
202402,2/12/2024,KCI COMMUTER BANDARA,5757
202402,2/13/2024,KCI COMMUTER BANDARA,5588
202403,3/7/2024,KAPAL,2002
202403,3/8/2024,KAPAL,1878
202403,3/9/2024,KAPAL,4312
202403,3/10/2024,KAPAL,4128
202403,3/11/2024,KAPAL,2160
202403,3/12/2024,KAPAL,762
202403,3/13/2024,KAPAL,915
202403,3/14/2024,KAPAL,579
202403,3/15/2024,KAPAL,637
202403,3/16/2024,KAPAL,736
202403,3/17/2024,KAPAL,949
202403,3/18/2024,KAPAL,611
202403,3/19/2024,KAPAL,512
202403,3/20/2024,KAPAL,598
202403,3/21/2024,KAPAL,621
202403,3/22/2024,KAPAL,547
202403,3/23/2024,KAPAL,1080
202403,3/24/2024,KAPAL,1058
202403,3/25/2024,KAPAL,764
202403,3/26/2024,KAPAL,671
202403,3/27/2024,KAPAL,713
202403,3/28/2024,KAPAL,1307
202403,3/29/2024,KAPAL,1563
202403,3/30/2024,KAPAL,1417
202403,3/31/2024,KAPAL,1624
202404,4/14/2024,KAPAL,18557
202404,4/15/2024,KAPAL,9445
202404,4/16/2024,KAPAL,5889
202404,4/17/2024,KAPAL,4919
202404,4/18/2024,KAPAL,3650
202404,4/19/2024,KAPAL,3024
202404,4/4/2024,KRL,1025360
202404,4/5/2024,KRL,988646
202404,4/6/2024,KRL,742916
202404,4/7/2024,KRL,620707
202404,4/8/2024,KRL,599973
202404,4/9/2024,KRL,451270
202404,4/10/2024,KRL,587395
202404,4/11/2024,KRL,777212
202404,4/12/2024,KRL,665916
202404,4/13/2024,KRL,823879
202404,4/14/2024,KRL,760126
202404,4/15/2024,KRL,779518
202404,4/16/2024,KRL,958034
202404,4/17/2024,KRL,968640
202404,4/18/2024,KRL,965331
202404,4/19/2024,KRL,951679
202404,4/20/2024,KRL,794650
202404,4/21/2024,KRL,703773
202404,4/22/2024,KRL,981444
202404,4/23/2024,KRL,957131
202404,4/24/2024,KRL,957042
202404,4/25/2024,KRL,952117
202404,4/26/2024,KRL,959679
202404,4/27/2024,KRL,784564
202404,4/28/2024,KRL,702389
202404,4/29/2024,KRL,989908
202404,4/30/2024,KRL,992554
202404,4/1/2024,MRT,123089
202404,4/2/2024,MRT,128812
202404,4/3/2024,MRT,135466
202404,4/4/2024,MRT,120383
202404,4/5/2024,MRT,114702
202404,4/6/2024,MRT,40530
202404,4/7/2024,MRT,32785
202404,4/8/2024,MRT,43426
202404,4/9/2024,MRT,31608
202404,4/10/2024,MRT,25586
202404,4/11/2024,MRT,45037
202404,4/12/2024,MRT,46730
202404,4/13/2024,MRT,55019
202404,4/14/2024,MRT,48621
202404,4/15/2024,MRT,61783
202404,4/16/2024,MRT,111133
202404,4/17/2024,MRT,117957
202404,4/18/2024,MRT,106172
202404,4/19/2024,MRT,118606
202404,4/20/2024,MRT,66455
202404,4/21/2024,MRT,57989
202404,4/22/2024,MRT,114168
202404,4/23/2024,MRT,116905
202404,4/24/2024,MRT,122574
202404,4/25/2024,MRT,121052
202404,4/26/2024,MRT,113478
202404,4/27/2024,MRT,76600
202404,4/28/2024,MRT,67134
202404,4/29/2024,MRT,120778
202404,4/30/2024,MRT,123326
202404,4/1/2024,LRT,3122
202404,4/2/2024,LRT,3201
202404,4/3/2024,LRT,3346
202404,4/4/2024,LRT,3316
202404,4/5/2024,LRT,3484
202404,4/6/2024,LRT,2646
202404,4/7/2024,LRT,2368
202404,4/8/2024,LRT,2542
202404,4/9/2024,LRT,2000
202404,4/10/2024,LRT,1928
202404,4/20/2024,KAPAL,7046
202404,4/21/2024,KAPAL,6410
202404,4/22/2024,KAPAL,1876
202404,4/23/2024,KAPAL,1794
202404,4/24/2024,KAPAL,1856
202404,4/25/2024,KAPAL,2216
202404,4/26/2024,KAPAL,1859
202404,4/27/2024,KAPAL,5792
202404,4/28/2024,KAPAL,5789
202404,4/29/2024,KAPAL,1818
202404,4/30/2024,KAPAL,1606
202405,5/6/2024,LRT,3092
202405,5/7/2024,LRT,3028
202405,5/8/2024,LRT,3172
202405,5/9/2024,LRT,3855
202405,5/10/2024,LRT,3334
202405,5/11/2024,LRT,3236
202405,5/12/2024,LRT,2708
202405,5/13/2024,LRT,3045
202405,5/14/2024,LRT,3060
202405,5/15/2024,LRT,3208
202405,5/16/2024,LRT,3119
202405,5/17/2024,LRT,3329
202405,5/18/2024,LRT,3632
202405,5/19/2024,LRT,2737
202405,5/20/2024,LRT,2938
202405,5/21/2024,LRT,3074
202405,5/22/2024,LRT,3294
202405,5/23/2024,LRT,2887
202405,5/24/2024,LRT,3006
202405,5/25/2024,LRT,2884
202405,5/26/2024,LRT,2671
202405,5/27/2024,LRT,3021
202405,5/28/2024,LRT,2950
202405,5/29/2024,LRT,3083
202405,5/30/2024,LRT,2975
202405,5/31/2024,LRT,3291
202405,5/1/2024,KCI COMMUTER BANDARA,5356
202405,5/2/2024,KCI COMMUTER BANDARA,5898
202405,5/3/2024,KCI COMMUTER BANDARA,6479
202405,5/4/2024,KCI COMMUTER BANDARA,4990
202405,5/5/2024,KCI COMMUTER BANDARA,5368
202405,5/6/2024,KCI COMMUTER BANDARA,6265
202405,5/7/2024,KCI COMMUTER BANDARA,5852
202405,5/8/2024,KCI COMMUTER BANDARA,7343
202405,5/9/2024,KCI COMMUTER BANDARA,5651
202405,5/10/2024,KCI COMMUTER BANDARA,4430
202405,5/11/2024,KCI COMMUTER BANDARA,4266
202405,5/12/2024,KCI COMMUTER BANDARA,5993
202405,5/13/2024,KCI COMMUTER BANDARA,6153
202405,5/14/2024,KCI COMMUTER BANDARA,6428
202405,5/15/2024,KCI COMMUTER BANDARA,6656
202405,5/16/2024,KCI COMMUTER BANDARA,6502
202405,5/17/2024,KCI COMMUTER BANDARA,7443
202405,5/18/2024,KCI COMMUTER BANDARA,5074
202405,5/19/2024,KCI COMMUTER BANDARA,5236
202405,5/20/2024,KCI COMMUTER BANDARA,6223
202405,5/21/2024,KCI COMMUTER BANDARA,5867
202405,5/22/2024,KCI COMMUTER BANDARA,7763
202405,5/23/2024,KCI COMMUTER BANDARA,6231
202405,5/24/2024,KCI COMMUTER BANDARA,4785
202405,5/25/2024,KCI COMMUTER BANDARA,4509
202405,5/26/2024,KCI COMMUTER BANDARA,6409
202405,5/27/2024,KCI COMMUTER BANDARA,6338
202405,5/28/2024,KCI COMMUTER BANDARA,6041
202405,5/29/2024,KCI COMMUTER BANDARA,6497
202405,5/30/2024,KCI COMMUTER BANDARA,5810
202405,5/31/2024,KCI COMMUTER BANDARA,6815
202405,5/1/2024,KAPAL,3239
202405,5/2/2024,KAPAL,1720
202405,5/3/2024,KAPAL,2105
202405,5/4/2024,KAPAL,6442
202405,5/5/2024,KAPAL,6226
202405,5/6/2024,KAPAL,1748
202405,5/7/2024,KAPAL,1965
202405,5/8/2024,KAPAL,2202
202405,5/9/2024,KAPAL,7743
202405,5/10/2024,KAPAL,6995
202405,5/11/2024,KAPAL,8987
202405,5/12/2024,KAPAL,6618
202405,5/13/2024,KAPAL,2047
202405,5/14/2024,KAPAL,1990
202405,5/15/2024,KAPAL,2486
202405,5/16/2024,KAPAL,1874
202405,5/17/2024,KAPAL,2647
202405,5/18/2024,KAPAL,5130
202405,5/19/2024,KAPAL,4985
202405,5/20/2024,KAPAL,2005
202405,5/21/2024,KAPAL,1858
202405,5/22/2024,KAPAL,2126
202405,5/23/2024,KAPAL,8597
202405,5/24/2024,KAPAL,8658
202405,5/25/2024,KAPAL,9644
202405,5/26/2024,KAPAL,6838
202405,5/27/2024,KAPAL,1678
202405,5/28/2024,KAPAL,1532
202405,5/29/2024,KAPAL,1637
202405,5/30/2024,KAPAL,1801
202405,5/31/2024,KAPAL,2493
202406,6/3/2024,KRL,1003408
202406,6/4/2024,KRL,985563
202406,6/5/2024,KRL,989541
202406,6/6/2024,KRL,1000417
202406,6/7/2024,KRL,996788
202406,6/8/2024,KRL,807388
202406,6/9/2024,KRL,703468
202406,6/10/2024,KRL,1000931
202406,6/11/2024,KRL,977442
202406,6/12/2024,KRL,971721
202406,6/13/2024,KRL,966228
202406,6/14/2024,KRL,973585
202406,6/15/2024,KRL,739917
202406,6/16/2024,KRL,585069
202406,6/17/2024,KRL,526807
202406,6/18/2024,KRL,781472
202406,6/19/2024,KRL,1011023
202406,6/20/2024,KRL,984785
202406,6/21/2024,KRL,974053
202406,6/22/2024,KRL,883631
202406,6/23/2024,KRL,713464
202406,6/24/2024,KRL,1010366
202406,6/25/2024,KRL,981652
202406,6/26/2024,KRL,1003886
202406,6/27/2024,KRL,984044
202406,6/28/2024,KRL,997883
202406,6/29/2024,KRL,824115
202406,6/30/2024,KRL,835677
202406,6/1/2024,MRT,85171
202406,6/2/2024,MRT,78021
202406,6/3/2024,MRT,111801
202406,6/4/2024,MRT,134465
202406,6/5/2024,MRT,128724
202406,6/6/2024,MRT,157771
202406,6/7/2024,MRT,139620
202406,6/8/2024,MRT,79786
202406,6/9/2024,MRT,87370
202406,6/10/2024,MRT,126943
202406,6/11/2024,MRT,137201
202406,6/12/2024,MRT,136359
202406,6/13/2024,MRT,132250
202406,6/14/2024,MRT,125074
202406,6/15/2024,MRT,59469
202406,6/16/2024,MRT,53721
202406,6/17/2024,MRT,42293
202406,6/18/2024,MRT,73034
202406,6/19/2024,MRT,127527
202406,6/20/2024,MRT,132124
202406,6/21/2024,MRT,130474
202406,6/22/2024,MRT,126540
202406,6/23/2024,MRT,121444
202406,6/24/2024,MRT,125287
202406,6/25/2024,MRT,136117
202406,6/26/2024,MRT,140005
202406,6/27/2024,MRT,136527
202406,6/28/2024,MRT,147017
202406,6/29/2024,MRT,87178
202406,6/30/2024,MRT,100499
202406,6/1/2024,LRT,3655
202406,6/2/2024,LRT,3194
202406,6/3/2024,LRT,2823
202406,6/4/2024,LRT,3033
202406,6/5/2024,LRT,3758
202406,6/6/2024,LRT,3233
202406,6/7/2024,LRT,3451
202406,6/8/2024,LRT,3450
202406,6/9/2024,LRT,2896
202406,6/10/2024,LRT,3269
202406,6/11/2024,LRT,3037
202406,6/12/2024,LRT,3262
202406,6/13/2024,LRT,2978
202406,6/14/2024,LRT,3378
202406,6/15/2024,LRT,3003
202406,6/16/2024,LRT,2133
202406,6/17/2024,LRT,2301
202406,6/18/2024,LRT,2675
202406,6/19/2024,LRT,3220
202406,6/20/2024,LRT,3246
202406,6/21/2024,LRT,3110
202406,6/22/2024,LRT,7257
202406,6/23/2024,LRT,7201
202406,6/24/2024,LRT,3011
202406,6/25/2024,LRT,3107
202406,6/26/2024,LRT,3341
202406,6/27/2024,LRT,3417
202406,6/28/2024,LRT,3638
202406,6/29/2024,LRT,3339
202406,6/30/2024,LRT,3419
202406,6/1/2024,KCI COMMUTER BANDARA,4885
202406,6/2/2024,KCI COMMUTER BANDARA,4932
202406,6/3/2024,KCI COMMUTER BANDARA,5587
202406,6/4/2024,KCI COMMUTER BANDARA,5985
202406,6/5/2024,KCI COMMUTER BANDARA,6556
202406,6/6/2024,KCI COMMUTER BANDARA,6657
202406,6/7/2024,KCI COMMUTER BANDARA,7241
202406,6/8/2024,KCI COMMUTER BANDARA,5163
202406,6/9/2024,KCI COMMUTER BANDARA,5202
202406,6/10/2024,KCI COMMUTER BANDARA,6051
202406,6/11/2024,KCI COMMUTER BANDARA,6244
202406,6/12/2024,KCI COMMUTER BANDARA,6743
202406,6/13/2024,KCI COMMUTER BANDARA,6764
202406,6/14/2024,KCI COMMUTER BANDARA,8450
202406,6/15/2024,KCI COMMUTER BANDARA,5927
202406,6/16/2024,KCI COMMUTER BANDARA,4291
202406,6/17/2024,KCI COMMUTER BANDARA,3414
202406,6/18/2024,KCI COMMUTER BANDARA,6002
202406,6/19/2024,KCI COMMUTER BANDARA,6443
202406,6/20/2024,KCI COMMUTER BANDARA,6207
202406,6/21/2024,KCI COMMUTER BANDARA,6714
202406,6/22/2024,KCI COMMUTER BANDARA,5170
202406,6/23/2024,KCI COMMUTER BANDARA,5614
202406,6/24/2024,KCI COMMUTER BANDARA,6463
202406,6/25/2024,KCI COMMUTER BANDARA,6343
202406,6/26/2024,KCI COMMUTER BANDARA,6907
202406,6/27/2024,KCI COMMUTER BANDARA,6989
202406,6/28/2024,KCI COMMUTER BANDARA,7546
202406,6/29/2024,KCI COMMUTER BANDARA,6207
202406,6/30/2024,KCI COMMUTER BANDARA,6244
202406,6/1/2024,KAPAL,11841
202406,6/2/2024,KAPAL,10841
202406,6/3/2024,KAPAL,1855
202406,6/4/2024,KAPAL,1818
202406,6/5/2024,KAPAL,1744
202406,6/6/2024,KAPAL,1423
202406,6/7/2024,KAPAL,1801
202406,6/8/2024,KAPAL,6561
202406,6/9/2024,KAPAL,6318
202406,6/10/2024,KAPAL,1671
202406,6/11/2024,KAPAL,1672
202406,6/12/2024,KAPAL,1846
202406,6/13/2024,KAPAL,1743
202406,6/14/2024,KAPAL,2019
202406,6/15/2024,KAPAL,5833
202406,6/16/2024,KAPAL,6825
202406,6/17/2024,KAPAL,4606
202406,6/18/2024,KAPAL,2730
202406,6/19/2024,KAPAL,2060
202406,6/20/2024,KAPAL,1765
202406,6/21/2024,KAPAL,1860
202406,6/22/2024,KAPAL,5403
202406,6/23/2024,KAPAL,5741
202406,6/24/2024,KAPAL,3150
202406,6/25/2024,KAPAL,2920
202406,6/26/2024,KAPAL,3356
202406,6/27/2024,KAPAL,2780
202406,6/28/2024,KAPAL,3381
202406,6/29/2024,KAPAL,8985
202406,6/30/2024,KAPAL,9782
202407,7/1/2024,TRANSJAKARTA,1244563
202407,7/2/2024,TRANSJAKARTA,1226999
202407,7/3/2024,TRANSJAKARTA,1236399
202407,7/4/2024,TRANSJAKARTA,1220479
202407,7/5/2024,TRANSJAKARTA,1212445
202407,7/6/2024,TRANSJAKARTA,776148
202407,7/7/2024,TRANSJAKARTA,777393
202407,7/8/2024,TRANSJAKARTA,1283260
202407,7/9/2024,TRANSJAKARTA,1292574
202407,7/10/2024,TRANSJAKARTA,1305246
202407,7/11/2024,TRANSJAKARTA,1286662
202406,6/1/2024,TRANSJAKARTA,817193
202406,6/2/2024,TRANSJAKARTA,730832
202406,6/3/2024,TRANSJAKARTA,1236594
202406,6/4/2024,TRANSJAKARTA,1266654
202406,6/5/2024,TRANSJAKARTA,1276021
202406,6/6/2024,TRANSJAKARTA,1261933
202406,6/7/2024,TRANSJAKARTA,1251558
202406,6/8/2024,TRANSJAKARTA,873156
202406,6/9/2024,TRANSJAKARTA,763276
202406,6/10/2024,TRANSJAKARTA,1246892
202406,6/11/2024,TRANSJAKARTA,1245940
202406,6/12/2024,TRANSJAKARTA,1252232
202406,6/13/2024,TRANSJAKARTA,1244140
202406,6/14/2024,TRANSJAKARTA,1210476
202406,6/15/2024,TRANSJAKARTA,792176
202406,6/16/2024,TRANSJAKARTA,650471
202406,6/17/2024,TRANSJAKARTA,424630
202406,6/18/2024,TRANSJAKARTA,834190
202406,6/19/2024,TRANSJAKARTA,1211872
202406,6/20/2024,TRANSJAKARTA,1221791
202406,6/21/2024,TRANSJAKARTA,1218522
202406,6/22/2024,TRANSJAKARTA,1061448
202406,6/23/2024,TRANSJAKARTA,839257
202406,6/24/2024,TRANSJAKARTA,1200013
202406,6/25/2024,TRANSJAKARTA,1199360
202406,6/26/2024,TRANSJAKARTA,1216516
202406,6/27/2024,TRANSJAKARTA,1197988
202406,6/28/2024,TRANSJAKARTA,1183472
202406,6/29/2024,TRANSJAKARTA,857366
202406,6/30/2024,TRANSJAKARTA,831798
202406,6/1/2024,BUS SEKOLAH,1061
202406,6/2/2024,BUS SEKOLAH,710
202406,6/3/2024,BUS SEKOLAH,37865
202406,6/4/2024,BUS SEKOLAH,37092
202406,6/5/2024,BUS SEKOLAH,37973
202406,6/6/2024,BUS SEKOLAH,36676
202406,6/7/2024,BUS SEKOLAH,35591
202406,6/8/2024,BUS SEKOLAH,1385
202406,6/9/2024,BUS SEKOLAH,1692
202406,6/10/2024,BUS SEKOLAH,35659
202406,6/11/2024,BUS SEKOLAH,32887
202406,6/12/2024,BUS SEKOLAH,31072
202406,6/13/2024,BUS SEKOLAH,30426
202406,6/14/2024,BUS SEKOLAH,24912
202406,6/15/2024,BUS SEKOLAH,930
202406,6/16/2024,BUS SEKOLAH,750
202406,6/17/2024,BUS SEKOLAH,180
202406,6/18/2024,BUS SEKOLAH,436
202406,6/19/2024,BUS SEKOLAH,23587
202406,6/20/2024,BUS SEKOLAH,18732
202406,6/21/2024,BUS SEKOLAH,3387
202406,6/22/2024,BUS SEKOLAH,861
202406,6/23/2024,BUS SEKOLAH,889
202406,6/24/2024,BUS SEKOLAH,941
202406,6/25/2024,BUS SEKOLAH,1292
202406,6/26/2024,BUS SEKOLAH,746
202406,6/27/2024,BUS SEKOLAH,468
202406,6/28/2024,BUS SEKOLAH,118
202406,6/29/2024,BUS SEKOLAH,1067
202406,6/30/2024,BUS SEKOLAH,278
202406,6/1/2024,KRL,815519
202406,6/2/2024,KRL,709632
202405,5/1/2024,TRANSJAKARTA,685485
202405,5/2/2024,TRANSJAKARTA,1177299
202405,5/3/2024,TRANSJAKARTA,1155576
202405,5/4/2024,TRANSJAKARTA,801713
202405,5/5/2024,TRANSJAKARTA,701049
202405,5/6/2024,TRANSJAKARTA,1197302
202405,5/7/2024,TRANSJAKARTA,1223878
202405,5/8/2024,TRANSJAKARTA,1239648
202405,5/9/2024,TRANSJAKARTA,727872
202405,5/10/2024,TRANSJAKARTA,855915
202405,5/11/2024,TRANSJAKARTA,793188
202405,5/12/2024,TRANSJAKARTA,734457
202405,5/13/2024,TRANSJAKARTA,1231170
202405,5/14/2024,TRANSJAKARTA,1238837
202405,5/15/2024,TRANSJAKARTA,1241336
202405,5/16/2024,TRANSJAKARTA,1229401
202405,5/17/2024,TRANSJAKARTA,1221876
202405,5/18/2024,TRANSJAKARTA,848639
202405,5/19/2024,TRANSJAKARTA,730335
202405,5/20/2024,TRANSJAKARTA,1238643
202405,5/21/2024,TRANSJAKARTA,1253256
202405,5/22/2024,TRANSJAKARTA,1251442
202405,5/23/2024,TRANSJAKARTA,703835
202405,5/24/2024,TRANSJAKARTA,856274
202405,5/25/2024,TRANSJAKARTA,755342
202405,5/26/2024,TRANSJAKARTA,726615
202405,5/27/2024,TRANSJAKARTA,1230649
202405,5/28/2024,TRANSJAKARTA,1242030
202405,5/29/2024,TRANSJAKARTA,1246323
202405,5/30/2024,TRANSJAKARTA,1258449
202405,5/31/2024,TRANSJAKARTA,1224491
202405,5/1/2024,BUS SEKOLAH,756
202405,5/2/2024,BUS SEKOLAH,32999
202405,5/3/2024,BUS SEKOLAH,28507
202405,5/4/2024,BUS SEKOLAH,2148
202405,5/5/2024,BUS SEKOLAH,1228
202405,5/6/2024,BUS SEKOLAH,30863
202405,5/7/2024,BUS SEKOLAH,36138
202405,5/8/2024,BUS SEKOLAH,33782
202405,5/9/2024,BUS SEKOLAH,1034
202405,5/10/2024,BUS SEKOLAH,786
202405,5/11/2024,BUS SEKOLAH,1467
202405,5/12/2024,BUS SEKOLAH,1091
202405,5/13/2024,BUS SEKOLAH,35931
202405,5/14/2024,BUS SEKOLAH,37180
202405,5/15/2024,BUS SEKOLAH,35369
202405,5/16/2024,BUS SEKOLAH,35951
202405,5/17/2024,BUS SEKOLAH,34122
202405,5/18/2024,BUS SEKOLAH,1698
202405,5/19/2024,BUS SEKOLAH,1076
202405,5/20/2024,BUS SEKOLAH,37616
202405,5/21/2024,BUS SEKOLAH,36842
202405,5/22/2024,BUS SEKOLAH,36477
202405,5/23/2024,BUS SEKOLAH,1036
202405,5/24/2024,BUS SEKOLAH,664
202405,5/25/2024,BUS SEKOLAH,969
202405,5/26/2024,BUS SEKOLAH,1460
202405,5/27/2024,BUS SEKOLAH,38170
202405,5/28/2024,BUS SEKOLAH,37355
202405,5/29/2024,BUS SEKOLAH,38007
202405,5/30/2024,BUS SEKOLAH,36860
202405,5/31/2024,BUS SEKOLAH,35098
202405,5/1/2024,KRL,1002616
202405,5/2/2024,KRL,975353
202405,5/3/2024,KRL,793957
202405,5/4/2024,KRL,711676
202405,5/5/2024,KRL,1009524
202405,5/6/2024,KRL,982585
202405,5/7/2024,KRL,1031383
202405,5/8/2024,KRL,693740
202405,5/9/2024,KRL,760230
202405,5/10/2024,KRL,788915
202405,5/11/2024,KRL,713985
202405,5/12/2024,KRL,1006562
202405,5/13/2024,KRL,971436
202405,5/14/2024,KRL,974609
202405,5/15/2024,KRL,964649
202405,5/16/2024,KRL,972900
202405,5/17/2024,KRL,775173
202405,5/18/2024,KRL,661635
202405,5/19/2024,KRL,993049
202405,5/20/2024,KRL,961156
202405,5/21/2024,KRL,1000825
202405,5/22/2024,KRL,660736
202405,5/23/2024,KRL,723567
202405,5/24/2024,KRL,690567
202405,5/25/2024,KRL,660263
202405,5/26/2024,KRL,988458
202405,5/27/2024,KRL,962324
202405,5/28/2024,KRL,963622
202405,5/29/2024,KRL,992226
202405,5/30/2024,KRL,990016
202405,5/31/2024,KRL,990016
202405,5/1/2024,MRT,68691
202405,5/2/2024,MRT,115692
202405,5/3/2024,MRT,123678
202405,5/4/2024,MRT,69000
202405,5/5/2024,MRT,72015
202405,5/6/2024,MRT,118445
202405,5/7/2024,MRT,123965
202405,5/8/2024,MRT,137007
202405,5/9/2024,MRT,68284
202405,5/10/2024,MRT,83827
202405,5/11/2024,MRT,74665
202405,5/12/2024,MRT,82720
202405,5/13/2024,MRT,118927
202405,5/14/2024,MRT,113440
202405,5/15/2024,MRT,118265
202405,5/16/2024,MRT,131186
202405,5/17/2024,MRT,122352
202405,5/18/2024,MRT,63122
202405,5/19/2024,MRT,80686
202405,5/20/2024,MRT,119876
202405,5/21/2024,MRT,120683
202405,5/22/2024,MRT,115360
202405,5/23/2024,MRT,71668
202405,5/24/2024,MRT,79890
202405,5/25/2024,MRT,71920
202405,5/26/2024,MRT,71259
202405,5/27/2024,MRT,122289
202405,5/28/2024,MRT,125892
202405,5/29/2024,MRT,132784
202405,5/30/2024,MRT,68551
202405,5/31/2024,MRT,115018
202405,5/1/2024,LRT,3250
202405,5/2/2024,LRT,3118
202405,5/3/2024,LRT,3284
202405,5/4/2024,LRT,3326
202405,5/5/2024,LRT,2681
202407,7/13/2024,KRL,865974
202407,7/14/2024,KRL,749379
202407,7/15/2024,KRL,978469
202407,7/16/2024,KRL,958823
202407,7/17/2024,KRL,960516
202407,7/18/2024,KRL,959875
202407,7/19/2024,KRL,962962
202407,7/20/2024,KRL,761906
202407,7/21/2024,KRL,663692
202407,7/22/2024,KRL,983141
202407,7/23/2024,KRL,956631
202407,7/24/2024,KRL,953266
202407,7/25/2024,KRL,952727
202407,7/26/2024,KRL,968718
202407,7/27/2024,KRL,799679
202407,7/28/2024,KRL,700311
202407,7/29/2024,KRL,993607
202407,7/30/2024,KRL,954495
202407,7/31/2024,KRL,961248
202407,7/1/2024,MRT,133900
202407,7/2/2024,MRT,141359
202407,7/3/2024,MRT,145641
202407,7/4/2024,MRT,134852
202407,7/5/2024,MRT,142434
202407,7/6/2024,MRT,68959
202407,7/7/2024,MRT,87751
202407,7/8/2024,MRT,137866
202407,7/9/2024,MRT,137866
202407,7/10/2024,MRT,143735
202407,7/11/2024,MRT,143237
202407,7/12/2024,MRT,143466
202407,7/13/2024,MRT,97892
202407,7/14/2024,MRT,83495
202407,7/15/2024,MRT,125436
202407,7/16/2024,MRT,122913
202407,7/17/2024,MRT,138805
202407,7/18/2024,MRT,121881
202407,7/19/2024,MRT,136335
202407,7/20/2024,MRT,86662
202407,7/21/2024,MRT,80059
202407,7/22/2024,MRT,125152
202407,7/23/2024,MRT,134302
202407,7/24/2024,MRT,136427
202407,7/25/2024,MRT,130189
202407,7/26/2024,MRT,136427
202407,7/27/2024,MRT,91779
202407,7/28/2024,MRT,83529
202407,7/29/2024,MRT,126218
202407,7/30/2024,MRT,132840
202407,7/31/2024,MRT,132830
202407,7/1/2024,LRT,3447
202407,7/2/2024,LRT,3611
202407,7/3/2024,LRT,3363
202407,7/4/2024,LRT,3287
202407,7/5/2024,LRT,4742
202407,7/6/2024,LRT,3789
202407,7/7/2024,LRT,4716
202407,7/8/2024,LRT,4594
202407,7/9/2024,LRT,4276
202407,7/10/2024,LRT,4695
202407,7/11/2024,LRT,4716
202407,7/12/2024,LRT,4490
202407,7/13/2024,LRT,3957
202407,7/14/2024,LRT,4228
202407,7/15/2024,LRT,3957
202407,7/16/2024,LRT,4297
202407,7/17/2024,LRT,4292
202408,8/8/2024,BUS SEKOLAH,44281
202408,8/9/2024,BUS SEKOLAH,43036
202408,8/10/2024,BUS SEKOLAH,4280
202408,8/11/2024,BUS SEKOLAH,1278
202408,8/12/2024,BUS SEKOLAH,44469
202408,8/13/2024,BUS SEKOLAH,45179
202408,8/14/2024,BUS SEKOLAH,42737
202408,8/15/2024,BUS SEKOLAH,42963
202408,8/16/2024,BUS SEKOLAH,40975
202408,8/17/2024,BUS SEKOLAH,1598
202408,8/18/2024,BUS SEKOLAH,340
202408,8/19/2024,BUS SEKOLAH,45966
202408,8/20/2024,BUS SEKOLAH,45188
202408,8/21/2024,BUS SEKOLAH,46000
202408,8/22/2024,BUS SEKOLAH,46642
202408,8/23/2024,BUS SEKOLAH,44107
202408,8/24/2024,BUS SEKOLAH,916
202408,8/25/2024,BUS SEKOLAH,1377
202408,8/26/2024,BUS SEKOLAH,45971
202408,8/27/2024,BUS SEKOLAH,46317
202408,8/28/2024,BUS SEKOLAH,45812
202408,8/29/2024,BUS SEKOLAH,45057
202408,8/30/2024,BUS SEKOLAH,43854
202408,8/31/2024,BUS SEKOLAH,3686
202408,8/1/2024,TRANSJAKARTA,1194012
202408,8/2/2024,TRANSJAKARTA,1183973
202408,8/3/2024,TRANSJAKARTA,816422
202408,8/4/2024,TRANSJAKARTA,734624
202408,8/5/2024,TRANSJAKARTA,1203333
202408,8/6/2024,TRANSJAKARTA,1214659
202408,8/7/2024,TRANSJAKARTA,1220949
202408,8/8/2024,TRANSJAKARTA,1203502
202408,8/9/2024,TRANSJAKARTA,1194879
202408,8/10/2024,TRANSJAKARTA,844963
202408,8/11/2024,TRANSJAKARTA,716675
202408,8/12/2024,TRANSJAKARTA,1211907
202408,8/13/2024,TRANSJAKARTA,1211945
202408,8/14/2024,TRANSJAKARTA,1212880
202408,8/15/2024,TRANSJAKARTA,1208950
202408,8/16/2024,TRANSJAKARTA,1188224
202408,8/17/2024,TRANSJAKARTA,679144
202408,8/18/2024,TRANSJAKARTA,668117
202408,8/19/2024,TRANSJAKARTA,1191066
202408,8/20/2024,TRANSJAKARTA,1206892
202408,8/21/2024,TRANSJAKARTA,1205268
202408,8/22/2024,TRANSJAKARTA,1156801
202408,8/23/2024,TRANSJAKARTA,1166376
202408,8/24/2024,TRANSJAKARTA,807203
202408,8/25/2024,TRANSJAKARTA,688923
202408,8/26/2024,TRANSJAKARTA,1192724
202408,8/27/2024,TRANSJAKARTA,1189453
202408,8/28/2024,TRANSJAKARTA,1197570
202408,8/29/2024,TRANSJAKARTA,1198227
202408,8/30/2024,TRANSJAKARTA,1186687
202408,8/31/2024,TRANSJAKARTA,816674
202408,8/1/2024,BUS SEKOLAH,45872
202408,8/2/2024,BUS SEKOLAH,43038
202408,8/3/2024,BUS SEKOLAH,933
202408,8/4/2024,BUS SEKOLAH,604
202408,8/5/2024,BUS SEKOLAH,42648
202408,8/6/2024,BUS SEKOLAH,45461
202408,8/7/2024,BUS SEKOLAH,47235
202407,7/18/2024,LRT,4576
202407,7/19/2024,LRT,4451
202407,7/20/2024,LRT,5151
202407,7/21/2024,LRT,4609
202407,7/22/2024,LRT,4006
202407,7/23/2024,LRT,3895
202407,7/24/2024,LRT,4330
202407,7/25/2024,LRT,4385
202407,7/26/2024,LRT,4508
202407,7/27/2024,LRT,5936
202407,7/28/2024,LRT,4449
202407,7/29/2024,LRT,3859
202407,7/30/2024,LRT,3705
202407,7/31/2024,LRT,4139
202407,7/1/2024,KCI COMMUTER BANDARA,6690
202407,7/2/2024,KCI COMMUTER BANDARA,6584
202407,7/3/2024,KCI COMMUTER BANDARA,7022
202407,7/4/2024,KCI COMMUTER BANDARA,6764
202407,7/5/2024,KCI COMMUTER BANDARA,7119
202407,7/6/2024,KCI COMMUTER BANDARA,5293
202407,7/7/2024,KCI COMMUTER BANDARA,5478
202407,7/8/2024,KCI COMMUTER BANDARA,6349
202407,7/9/2024,KCI COMMUTER BANDARA,6407
202407,7/10/2024,KCI COMMUTER BANDARA,6602
202407,7/11/2024,KCI COMMUTER BANDARA,6702
202407,7/12/2024,KCI COMMUTER BANDARA,7368
202407,7/13/2024,KCI COMMUTER BANDARA,5636
202407,7/14/2024,KCI COMMUTER BANDARA,5341
202407,7/15/2024,KCI COMMUTER BANDARA,6113
202407,7/16/2024,KCI COMMUTER BANDARA,5983
202407,7/17/2024,KCI COMMUTER BANDARA,6272
202407,7/18/2024,KCI COMMUTER BANDARA,5985
202407,7/19/2024,KCI COMMUTER BANDARA,6697
202407,7/20/2024,KCI COMMUTER BANDARA,5192
202407,7/21/2024,KCI COMMUTER BANDARA,5090
202407,7/22/2024,KCI COMMUTER BANDARA,5968
202407,7/23/2024,KCI COMMUTER BANDARA,5966
202407,7/24/2024,KCI COMMUTER BANDARA,6448
202407,7/25/2024,KCI COMMUTER BANDARA,6598
202407,7/26/2024,KCI COMMUTER BANDARA,7240
202407,7/27/2024,KCI COMMUTER BANDARA,5402
202407,7/28/2024,KCI COMMUTER BANDARA,5175
202407,7/29/2024,KCI COMMUTER BANDARA,6254
202407,7/30/2024,KCI COMMUTER BANDARA,6203
202407,7/31/2024,KCI COMMUTER BANDARA,6704
202407,7/1/2024,KAPAL,4476
202407,7/2/2024,KAPAL,3744
202407,7/3/2024,KAPAL,4236
202407,7/4/2024,KAPAL,4117
202407,7/5/2024,KAPAL,4113
202407,7/6/2024,KAPAL,8557
202407,7/7/2024,KAPAL,9019
202407,7/8/2024,KAPAL,3679
202407,7/9/2024,KAPAL,3338
202407,7/10/2024,KAPAL,2861
202407,7/11/2024,KAPAL,2522
202407,7/12/2024,KAPAL,2867
202407,7/13/2024,KAPAL,7970
202407,7/14/2024,KAPAL,8220
202407,7/15/2024,KAPAL,1844
202407,7/16/2024,KAPAL,1985
202407,7/17/2024,KAPAL,1559
202407,7/18/2024,KAPAL,1578
202407,7/19/2024,KAPAL,1657
202407,7/20/2024,KAPAL,5449
202407,7/21/2024,KAPAL,5455
202407,7/22/2024,KAPAL,2306
202407,7/23/2024,KAPAL,1730
202407,7/24/2024,KAPAL,1468
202407,7/25/2024,KAPAL,1834
202407,7/26/2024,KAPAL,1738
202407,7/27/2024,KAPAL,6864
202407,7/28/2024,KAPAL,6894
202407,7/29/2024,KAPAL,1497
202407,7/30/2024,KAPAL,1256
202407,7/31/2024,KAPAL,1246
202408,8/6/2024,LRT,3880
202408,8/7/2024,LRT,4199
202408,8/8/2024,LRT,4197
202408,8/9/2024,LRT,4973
202408,8/10/2024,LRT,5836
202408,8/11/2024,LRT,4393
202408,8/12/2024,LRT,3707
202408,8/13/2024,LRT,3704
202408,8/14/2024,LRT,4039
202408,8/15/2024,LRT,4478
202408,8/16/2024,LRT,5110
202408,8/17/2024,LRT,6546
202408,8/18/2024,LRT,4617
202408,8/19/2024,LRT,2861
202408,8/20/2024,LRT,3058
202408,8/21/2024,LRT,3321
202408,8/22/2024,LRT,3090
202408,8/23/2024,LRT,4625
202408,8/24/2024,LRT,5087
202408,8/25/2024,LRT,4112
202408,8/26/2024,LRT,3103
202408,8/27/2024,LRT,3015
202408,8/28/2024,LRT,3170
202408,8/29/2024,LRT,3206
202408,8/30/2024,LRT,3463
202408,8/31/2024,LRT,3817
202408,8/1/2024,KCI COMMUTER BANDARA,6582
202408,8/2/2024,KCI COMMUTER BANDARA,6708
202408,8/3/2024,KCI COMMUTER BANDARA,5366
202408,8/4/2024,KCI COMMUTER BANDARA,5256
202408,8/5/2024,KCI COMMUTER BANDARA,6159
202408,8/6/2024,KCI COMMUTER BANDARA,6134
202408,8/7/2024,KCI COMMUTER BANDARA,6566
202408,8/8/2024,KCI COMMUTER BANDARA,6514
202408,8/9/2024,KCI COMMUTER BANDARA,7053
202408,8/10/2024,KCI COMMUTER BANDARA,5628
202408,8/11/2024,KCI COMMUTER BANDARA,5372
202408,8/12/2024,KCI COMMUTER BANDARA,6123
202408,8/13/2024,KCI COMMUTER BANDARA,6129
202408,8/14/2024,KCI COMMUTER BANDARA,6367
202408,8/15/2024,KCI COMMUTER BANDARA,6194
202408,8/16/2024,KCI COMMUTER BANDARA,6751
202408,8/17/2024,KCI COMMUTER BANDARA,5577
202408,8/18/2024,KCI COMMUTER BANDARA,5088
202408,8/19/2024,KCI COMMUTER BANDARA,6173
202408,8/20/2024,KCI COMMUTER BANDARA,6372
202408,8/21/2024,KCI COMMUTER BANDARA,6468
202408,8/22/2024,KCI COMMUTER BANDARA,7638
202408,8/23/2024,KCI COMMUTER BANDARA,7548
202408,8/24/2024,KCI COMMUTER BANDARA,5468
202408,8/25/2024,KCI COMMUTER BANDARA,5297
202408,8/26/2024,KCI COMMUTER BANDARA,6682
202408,8/27/2024,KCI COMMUTER BANDARA,6553
202408,8/28/2024,KCI COMMUTER BANDARA,6703
202408,8/29/2024,KCI COMMUTER BANDARA,6425
202408,8/30/2024,KCI COMMUTER BANDARA,7260
202408,8/31/2024,KCI COMMUTER BANDARA,5583
202408,8/1/2024,KAPAL,1490
202408,8/2/2024,KAPAL,1829
202408,8/3/2024,KAPAL,7740
202408,8/4/2024,KAPAL,7202
202408,8/5/2024,KAPAL,2007
202408,8/6/2024,KAPAL,1488
202408,8/7/2024,KAPAL,1567
202408,8/8/2024,KAPAL,2195
202408,8/9/2024,KAPAL,1974
202408,8/10/2024,KAPAL,7420
202408,8/11/2024,KAPAL,6807
202408,8/12/2024,KAPAL,1607
202408,8/13/2024,KAPAL,1433
202408,8/14/2024,KAPAL,1423
202408,8/15/2024,KAPAL,1502
202408,8/16/2024,KAPAL,2499
202408,8/17/2024,KAPAL,10356
202408,8/18/2024,KAPAL,9577
202408,8/19/2024,KAPAL,1285
202408,8/20/2024,KAPAL,1180
202408,8/21/2024,KAPAL,1333
202408,8/22/2024,KAPAL,1475
202408,8/23/2024,KAPAL,1849
202408,8/24/2024,KAPAL,6957
202408,8/25/2024,KAPAL,6303
202408,8/26/2024,KAPAL,1344
202408,8/27/2024,KAPAL,1319
202408,8/28/2024,KAPAL,1272
202408,8/29/2024,KAPAL,1569
202408,8/30/2024,KAPAL,1625
202408,8/31/2024,KAPAL,7039
202409,9/1/2024,TRANSJAKARTA,721484
202409,9/2/2024,TRANSJAKARTA,1217566
202409,9/3/2024,TRANSJAKARTA,1234771
202409,9/4/2024,TRANSJAKARTA,1236669
202409,9/5/2024,TRANSJAKARTA,1152458
202409,9/6/2024,TRANSJAKARTA,1217648
202409,9/7/2024,TRANSJAKARTA,838530
202409,9/8/2024,TRANSJAKARTA,725987
202409,9/9/2024,TRANSJAKARTA,1230991
202409,9/10/2024,TRANSJAKARTA,1260472
202409,9/11/2024,TRANSJAKARTA,1256540
202409,9/12/2024,TRANSJAKARTA,1233892
202409,9/13/2024,TRANSJAKARTA,1221378
202409,9/14/2024,TRANSJAKARTA,836400
202409,9/15/2024,TRANSJAKARTA,765475
202409,9/16/2024,TRANSJAKARTA,660261
202409,9/17/2024,TRANSJAKARTA,1251157
202409,9/18/2024,TRANSJAKARTA,1257177
202409,9/19/2024,TRANSJAKARTA,1244219
202409,9/20/2024,TRANSJAKARTA,1230571
202409,9/21/2024,TRANSJAKARTA,852906
202409,9/22/2024,TRANSJAKARTA,707485
202409,9/23/2024,TRANSJAKARTA,1256936
202409,9/24/2024,TRANSJAKARTA,1253417
202409,9/25/2024,TRANSJAKARTA,1252497
202409,9/26/2024,TRANSJAKARTA,1247542
202409,9/27/2024,TRANSJAKARTA,1245314
202409,9/28/2024,TRANSJAKARTA,852470
202409,9/29/2024,TRANSJAKARTA,723329
202409,9/30/2024,TRANSJAKARTA,1208628
202409,9/1/2024,BUS SEKOLAH,664
202409,9/2/2024,BUS SEKOLAH,44911
202409,9/3/2024,BUS SEKOLAH,45048
202409,9/4/2024,BUS SEKOLAH,45250
202409,9/5/2024,BUS SEKOLAH,42175
202409,9/6/2024,BUS SEKOLAH,41313
202409,9/7/2024,BUS SEKOLAH,1890
202409,9/8/2024,BUS SEKOLAH,552
202409,9/9/2024,BUS SEKOLAH,42894
202409,9/10/2024,BUS SEKOLAH,37728
202409,9/11/2024,BUS SEKOLAH,43469
202409,9/12/2024,BUS SEKOLAH,45479
202409,9/13/2024,BUS SEKOLAH,42191
202409,9/14/2024,BUS SEKOLAH,817
202409,9/15/2024,BUS SEKOLAH,1319
202409,9/16/2024,BUS SEKOLAH,138
202409,9/17/2024,BUS SEKOLAH,41537
202409,9/18/2024,BUS SEKOLAH,42678
202409,9/19/2024,BUS SEKOLAH,42174
202409,9/20/2024,BUS SEKOLAH,40711
202409,9/21/2024,BUS SEKOLAH,2268
202409,9/22/2024,BUS SEKOLAH,989
202409,9/23/2024,BUS SEKOLAH,43884
202409,9/24/2024,BUS SEKOLAH,33280
202409,9/25/2024,BUS SEKOLAH,43181
202409,9/26/2024,BUS SEKOLAH,42583
202409,9/27/2024,BUS SEKOLAH,39538
202409,9/28/2024,BUS SEKOLAH,1218
202409,9/29/2024,BUS SEKOLAH,1406
202409,9/30/2024,BUS SEKOLAH,41694
202409,9/1/2024,KRL,747345
202409,9/2/2024,KRL,1027018
202409,9/3/2024,KRL,999700
202409,9/4/2024,KRL,1000235
202409,9/5/2024,KRL,929521
202409,9/6/2024,KRL,1011908
202409,9/7/2024,KRL,818675
202409,9/8/2024,KRL,729264
202409,9/9/2024,KRL,1020736
202409,9/10/2024,KRL,1012201
202409,9/11/2024,KRL,999506
202409,9/12/2024,KRL,995227
202409,9/13/2024,KRL,1020554
202409,9/14/2024,KRL,838828
202409,9/15/2024,KRL,791397
202409,9/16/2024,KRL,715397
202409,9/17/2024,KRL,1026429
202409,9/18/2024,KRL,995854
202409,9/19/2024,KRL,987433
202409,9/20/2024,KRL,998143
202409,9/21/2024,KRL,774826
202409,9/22/2024,KRL,645168
202409,9/23/2024,KRL,1007921
202409,9/24/2024,KRL,969673
202409,9/25/2024,KRL,979730
202409,9/26/2024,KRL,978421
202409,9/27/2024,KRL,1015440
202409,9/28/2024,KRL,819190
202409,9/29/2024,KRL,708614
202409,9/30/2024,KRL,1043632
202409,9/1/2024,MRT,77416
202408,8/1/2024,KRL,968556
202408,8/2/2024,KRL,981898
202408,8/3/2024,KRL,825457
202408,8/4/2024,KRL,750731
202408,8/5/2024,KRL,1010244
202408,8/6/2024,KRL,982386
202408,8/7/2024,KRL,980771
202408,8/8/2024,KRL,973322
202408,8/9/2024,KRL,987529
202408,8/10/2024,KRL,839692
202408,8/11/2024,KRL,708189
202408,8/12/2024,KRL,1000466
202408,8/13/2024,KRL,975412
202408,8/14/2024,KRL,967979
202408,8/15/2024,KRL,962710
202408,8/16/2024,KRL,1026898
202408,8/17/2024,KRL,697968
202408,8/18/2024,KRL,651942
202408,8/19/2024,KRL,986898
202408,8/20/2024,KRL,954302
202408,8/21/2024,KRL,952975
202408,8/22/2024,KRL,957453
202408,8/23/2024,KRL,959852
202408,8/24/2024,KRL,765301
202408,8/25/2024,KRL,668807
202408,8/26/2024,KRL,994560
202408,8/27/2024,KRL,942622
202408,8/28/2024,KRL,960820
202408,8/29/2024,KRL,956476
202408,8/30/2024,KRL,990436
202408,8/31/2024,KRL,826493
202408,8/1/2024,MRT,136582
202408,8/2/2024,MRT,144726
202408,8/3/2024,MRT,90605
202408,8/4/2024,MRT,91268
202408,8/5/2024,MRT,128848
202408,8/6/2024,MRT,136952
202408,8/7/2024,MRT,141094
202408,8/8/2024,MRT,137789
202408,8/9/2024,MRT,138155
202408,8/10/2024,MRT,96883
202408,8/11/2024,MRT,77830
202408,8/12/2024,MRT,128884
202408,8/13/2024,MRT,140806
202408,8/14/2024,MRT,137045
202408,8/15/2024,MRT,135600
202408,8/16/2024,MRT,138635
202408,8/17/2024,MRT,83747
202408,8/18/2024,MRT,75108
202408,8/19/2024,MRT,125083
202408,8/20/2024,MRT,133516
202408,8/21/2024,MRT,137033
202408,8/22/2024,MRT,137749
202408,8/23/2024,MRT,129025
202408,8/24/2024,MRT,82132
202408,8/25/2024,MRT,78530
202408,8/26/2024,MRT,126419
202408,8/27/2024,MRT,132866
202408,8/28/2024,MRT,135566
202408,8/29/2024,MRT,133353
202408,8/30/2024,MRT,137464
202408,8/31/2024,MRT,89680
202408,8/1/2024,LRT,4605
202408,8/2/2024,LRT,4419
202408,8/3/2024,LRT,5471
202408,8/4/2024,LRT,4625
202408,8/5/2024,LRT,3998
202407,7/12/2024,TRANSJAKARTA,1271509
202407,7/13/2024,TRANSJAKARTA,889996
202407,7/14/2024,TRANSJAKARTA,785446
202407,7/15/2024,TRANSJAKARTA,1258572
202407,7/16/2024,TRANSJAKARTA,1280153
202407,7/17/2024,TRANSJAKARTA,1288218
202407,7/18/2024,TRANSJAKARTA,1281265
202407,7/19/2024,TRANSJAKARTA,1253052
202407,7/20/2024,TRANSJAKARTA,870343
202407,7/21/2024,TRANSJAKARTA,758137
202407,7/22/2024,TRANSJAKARTA,1274935
202407,7/23/2024,TRANSJAKARTA,1278577
202407,7/24/2024,TRANSJAKARTA,1284841
202407,7/25/2024,TRANSJAKARTA,1277410
202407,7/26/2024,TRANSJAKARTA,1261844
202407,7/27/2024,TRANSJAKARTA,878490
202407,7/28/2024,TRANSJAKARTA,770013
202407,7/29/2024,TRANSJAKARTA,1267265
202407,7/30/2024,TRANSJAKARTA,1139307
202407,7/31/2024,TRANSJAKARTA,1271800
202407,7/1/2024,BUS SEKOLAH,278
202407,7/2/2024,BUS SEKOLAH,769
202407,7/3/2024,BUS SEKOLAH,388
202407,7/4/2024,BUS SEKOLAH,468
202407,7/5/2024,BUS SEKOLAH,206
202407,7/6/2024,BUS SEKOLAH,535
202407,7/7/2024,BUS SEKOLAH,356
202407,7/8/2024,BUS SEKOLAH,32243
202407,7/9/2024,BUS SEKOLAH,33160
202407,7/10/2024,BUS SEKOLAH,33882
202407,7/11/2024,BUS SEKOLAH,36626
202407,7/12/2024,BUS SEKOLAH,36615
202407,7/13/2024,BUS SEKOLAH,892
202407,7/14/2024,BUS SEKOLAH,226
202407,7/15/2024,BUS SEKOLAH,39486
202407,7/16/2024,BUS SEKOLAH,41476
202407,7/17/2024,BUS SEKOLAH,42473
202407,7/18/2024,BUS SEKOLAH,41865
202407,7/19/2024,BUS SEKOLAH,41198
202407,7/20/2024,BUS SEKOLAH,1064
202407,7/21/2024,BUS SEKOLAH,431
202407,7/22/2024,BUS SEKOLAH,43856
202407,7/23/2024,BUS SEKOLAH,43220
202407,7/24/2024,BUS SEKOLAH,43930
202407,7/25/2024,BUS SEKOLAH,43844
202407,7/26/2024,BUS SEKOLAH,42458
202407,7/27/2024,BUS SEKOLAH,1694
202407,7/28/2024,BUS SEKOLAH,1881
202407,7/29/2024,BUS SEKOLAH,45270
202407,7/30/2024,BUS SEKOLAH,45409
202407,7/31/2024,BUS SEKOLAH,45680
202407,7/1/2024,KRL,1149417
202407,7/2/2024,KRL,1062478
202407,7/3/2024,KRL,1072604
202407,7/4/2024,KRL,1044488
202407,7/5/2024,KRL,1029183
202407,7/6/2024,KRL,772803
202407,7/7/2024,KRL,791548
202407,7/8/2024,KRL,1053695
202407,7/9/2024,KRL,1044313
202407,7/10/2024,KRL,1036197
202407,7/11/2024,KRL,1035272
202407,7/12/2024,KRL,1029515
202409,9/8/2024,KCI COMMUTER BANDARA,5171
202409,9/9/2024,KCI COMMUTER BANDARA,7140
202409,9/10/2024,KCI COMMUTER BANDARA,7467
202409,9/11/2024,KCI COMMUTER BANDARA,8268
202409,9/12/2024,KCI COMMUTER BANDARA,8285
202409,9/13/2024,KCI COMMUTER BANDARA,10209
202409,9/14/2024,KCI COMMUTER BANDARA,7659
202409,9/15/2024,KCI COMMUTER BANDARA,6465
202409,9/16/2024,KCI COMMUTER BANDARA,7789
202409,9/17/2024,KCI COMMUTER BANDARA,8433
202409,9/18/2024,KCI COMMUTER BANDARA,7845
202409,9/19/2024,KCI COMMUTER BANDARA,8084
202409,9/20/2024,KCI COMMUTER BANDARA,8462
202409,9/21/2024,KCI COMMUTER BANDARA,5838
202409,9/22/2024,KCI COMMUTER BANDARA,6066
202409,9/23/2024,KCI COMMUTER BANDARA,7487
202409,9/24/2024,KCI COMMUTER BANDARA,7529
202409,9/25/2024,KCI COMMUTER BANDARA,7400
202409,9/26/2024,KCI COMMUTER BANDARA,7307
202409,9/27/2024,KCI COMMUTER BANDARA,7945
202409,9/28/2024,KCI COMMUTER BANDARA,5583
202409,9/29/2024,KCI COMMUTER BANDARA,5880
202409,9/30/2024,KCI COMMUTER BANDARA,7423
202409,9/1/2024,KAPAL,6557
202409,9/2/2024,KAPAL,1648
202409,9/3/2024,KAPAL,1549
202409,9/4/2024,KAPAL,2004
202409,9/5/2024,KAPAL,1321
202409,9/6/2024,KAPAL,2254
202409,9/7/2024,KAPAL,6184
202409,9/8/2024,KAPAL,6033
202409,9/9/2024,KAPAL,1603
202409,9/10/2024,KAPAL,1358
202409,9/11/2024,KAPAL,1374
202409,9/12/2024,KAPAL,1497
202409,9/13/2024,KAPAL,1450
202409,9/14/2024,KAPAL,9443
202409,9/15/2024,KAPAL,14864
202409,9/16/2024,KAPAL,9741
202409,9/17/2024,KAPAL,1725
202409,9/18/2024,KAPAL,1480
202409,9/19/2024,KAPAL,1553
202409,9/20/2024,KAPAL,1477
202409,9/21/2024,KAPAL,3962
202409,9/22/2024,KAPAL,4638
202409,9/23/2024,KAPAL,1401
202409,9/24/2024,KAPAL,1334
202409,9/25/2024,KAPAL,1244
202409,9/26/2024,KAPAL,1409
202409,9/27/2024,KAPAL,1658
202409,9/28/2024,KAPAL,5456
202409,9/29/2024,KAPAL,5529
202409,9/30/2024,KAPAL,1594
202410,10/4/2024,LRT,3507
202410,10/5/2024,LRT,5684
202410,10/6/2024,LRT,3005
202410,10/7/2024,LRT,3351
202410,10/8/2024,LRT,3211
202410,10/9/2024,LRT,3176
202410,10/10/2024,LRT,2872
202410,10/11/2024,LRT,3255
202410,10/12/2024,LRT,3295
202410,10/13/2024,LRT,2794
202410,10/14/2024,LRT,3034
202410,10/15/2024,LRT,3122
202410,10/16/2024,LRT,3002
202410,10/17/2024,LRT,3329
202410,10/18/2024,LRT,3091
202410,10/19/2024,LRT,3170
202410,10/20/2024,LRT,5183
202410,10/21/2024,LRT,3246
202410,10/22/2024,LRT,3317
202410,10/23/2024,LRT,3117
202410,10/24/2024,LRT,3266
202410,10/25/2024,LRT,3080
202410,10/26/2024,LRT,3378
202410,10/27/2024,LRT,2855
202410,10/28/2024,LRT,2926
202410,10/29/2024,LRT,2950
202410,10/30/2024,LRT,2868
202410,10/31/2024,LRT,2966
202410,10/1/2024,KCI COMMUTER BANDARA,6176
202410,10/2/2024,KCI COMMUTER BANDARA,6449
202410,10/3/2024,KCI COMMUTER BANDARA,6585
202410,10/4/2024,KCI COMMUTER BANDARA,7410
202410,10/5/2024,KCI COMMUTER BANDARA,5827
202410,10/6/2024,KCI COMMUTER BANDARA,5236
202410,10/7/2024,KCI COMMUTER BANDARA,6390
202410,10/8/2024,KCI COMMUTER BANDARA,6036
202410,10/9/2024,KCI COMMUTER BANDARA,6410
202410,10/10/2024,KCI COMMUTER BANDARA,6456
202410,10/11/2024,KCI COMMUTER BANDARA,6679
202410,10/12/2024,KCI COMMUTER BANDARA,4790
202410,10/13/2024,KCI COMMUTER BANDARA,5035
202410,10/14/2024,KCI COMMUTER BANDARA,5972
202410,10/15/2024,KCI COMMUTER BANDARA,5807
202410,10/16/2024,KCI COMMUTER BANDARA,6146
202410,10/17/2024,KCI COMMUTER BANDARA,6402
202410,10/18/2024,KCI COMMUTER BANDARA,6892
202410,10/19/2024,KCI COMMUTER BANDARA,4850
202410,10/20/2024,KCI COMMUTER BANDARA,5233
202410,10/21/2024,KCI COMMUTER BANDARA,6096
202410,10/22/2024,KCI COMMUTER BANDARA,6326
202410,10/23/2024,KCI COMMUTER BANDARA,6032
202410,10/24/2024,KCI COMMUTER BANDARA,6016
202410,10/25/2024,KCI COMMUTER BANDARA,7323
202410,10/26/2024,KCI COMMUTER BANDARA,4616
202410,10/27/2024,KCI COMMUTER BANDARA,4936
202410,10/28/2024,KCI COMMUTER BANDARA,6218
202410,10/29/2024,KCI COMMUTER BANDARA,5792
202410,10/30/2024,KCI COMMUTER BANDARA,6063
202410,10/31/2024,KCI COMMUTER BANDARA,6208
202410,10/1/2024,KAPAL,1695
202410,10/2/2024,KAPAL,1453
202410,10/3/2024,KAPAL,1434
202410,10/4/2024,KAPAL,1767
202410,10/5/2024,KAPAL,6436
202410,10/6/2024,KAPAL,6409
202410,10/7/2024,KAPAL,1686
202410,10/8/2024,KAPAL,1169
202410,10/9/2024,KAPAL,1651
202410,10/10/2024,KAPAL,1507
202410,10/11/2024,KAPAL,1883
202410,10/12/2024,KAPAL,5684
202410,10/13/2024,KAPAL,5044
202410,10/14/2024,KAPAL,1576
202410,10/15/2024,KAPAL,1380
202410,10/16/2024,KAPAL,1356
202410,10/17/2024,KAPAL,1643
202410,10/18/2024,KAPAL,1885
202410,10/19/2024,KAPAL,5269
202410,10/20/2024,KAPAL,4789
202410,10/21/2024,KAPAL,1095
202410,10/22/2024,KAPAL,1074
202410,10/23/2024,KAPAL,902
202410,10/24/2024,KAPAL,1300
202410,10/25/2024,KAPAL,1600
202410,10/26/2024,KAPAL,5153
202410,10/27/2024,KAPAL,4804
202410,10/28/2024,KAPAL,1413
202410,10/29/2024,KAPAL,960
202410,10/30/2024,KAPAL,1280
202410,10/31/2024,KAPAL,1237
202411,11/1/2024,TRANSJAKARTA,1270928
202411,11/2/2024,TRANSJAKARTA,838120
202411,11/3/2024,TRANSJAKARTA,722649
202411,11/4/2024,TRANSJAKARTA,1274215
202411,11/5/2024,TRANSJAKARTA,1274965
202411,11/6/2024,TRANSJAKARTA,1297515
202411,11/7/2024,TRANSJAKARTA,1282074
202411,11/8/2024,TRANSJAKARTA,1270243
202411,11/9/2024,TRANSJAKARTA,847431
202411,11/10/2024,TRANSJAKARTA,760399
202411,11/11/2024,TRANSJAKARTA,"125,239"
202411,11/12/2024,TRANSJAKARTA,1285172
202411,11/13/2024,TRANSJAKARTA,1302317
202411,11/14/2024,TRANSJAKARTA,1297904
202411,11/15/2024,TRANSJAKARTA,1281162
202411,11/16/2024,TRANSJAKARTA,820681
202411,11/17/2024,TRANSJAKARTA,733035
202411,11/18/2024,TRANSJAKARTA,1279311
202411,11/19/2024,TRANSJAKARTA,1288450
202411,11/20/2024,TRANSJAKARTA,1289630
202411,11/21/2024,TRANSJAKARTA,1279041
202411,11/22/2024,TRANSJAKARTA,1273209
202411,11/23/2024,TRANSJAKARTA,844165
202411,11/24/2024,TRANSJAKARTA,710816
202411,11/25/2024,TRANSJAKARTA,1293081
202411,11/26/2024,TRANSJAKARTA,1289944
202411,11/27/2024,TRANSJAKARTA,520376
202411,11/28/2024,TRANSJAKARTA,1304509
202411,11/29/2024,TRANSJAKARTA,1279317
202411,11/30/2024,TRANSJAKARTA,871359
202411,11/1/2024,BUS SEKOLAH,40262
202411,11/2/2024,BUS SEKOLAH,1411
202411,11/3/2024,BUS SEKOLAH,966
202411,11/4/2024,BUS SEKOLAH,44348
202411,11/5/2024,BUS SEKOLAH,41641
202411,11/6/2024,BUS SEKOLAH,42737
202411,11/7/2024,BUS SEKOLAH,43578
202411,11/8/2024,BUS SEKOLAH,40629
202411,11/9/2024,BUS SEKOLAH,1193
202411,11/10/2024,BUS SEKOLAH,1404
202411,11/11/2024,BUS SEKOLAH,41728
202411,11/12/2024,BUS SEKOLAH,44010
202411,11/13/2024,BUS SEKOLAH,42574
202411,11/14/2024,BUS SEKOLAH,43132
202411,11/15/2024,BUS SEKOLAH,40973
202411,11/16/2024,BUS SEKOLAH,1130
202411,11/17/2024,BUS SEKOLAH,1212
202411,11/18/2024,BUS SEKOLAH,42420
202411,11/19/2024,BUS SEKOLAH,41840
202411,11/20/2024,BUS SEKOLAH,41883
202411,11/21/2024,BUS SEKOLAH,43653
202411,11/22/2024,BUS SEKOLAH,40620
202411,11/23/2024,BUS SEKOLAH,1676
202411,11/24/2024,BUS SEKOLAH,1127
202411,11/25/2024,BUS SEKOLAH,40926
202411,11/26/2024,BUS SEKOLAH,42534
202411,11/27/2024,BUS SEKOLAH,56
202411,11/28/2024,BUS SEKOLAH,42516
202411,11/29/2024,BUS SEKOLAH,38998
202411,11/30/2024,BUS SEKOLAH,1341
202411,11/1/2024,KRL,1027879
202411,11/2/2024,KRL,830509
202411,11/3/2024,KRL,730586
202411,11/4/2024,KRL,1042063
202411,11/5/2024,KRL,992834
202411,11/6/2024,KRL,1005519
202411,11/7/2024,KRL,"997,826"
202411,11/8/2024,KRL,1018356
202411,11/9/2024,KRL,819809
202411,11/10/2024,KRL,736094
202411,11/11/2024,KRL,1013605
202411,11/12/2024,KRL,991003
202411,11/13/2024,KRL,999488
202411,11/14/2024,KRL,993325
202411,11/15/2024,KRL,1016756
202411,11/16/2024,KRL,759298
202411,11/17/2024,KRL,679633
202411,11/18/2024,KRL,1010499
202411,11/19/2024,KRL,984129
202411,11/20/2024,KRL,970711
202411,11/21/2024,KRL,968646
202411,11/22/2024,KRL,983601
202411,11/23/2024,KRL,749503
202411,11/24/2024,KRL,677216
202411,11/25/2024,KRL,1016352
202411,11/26/2024,KRL,1043550
202411,11/27/2024,KRL,622821
202411,11/28/2024,KRL,1019148
202411,11/29/2024,KRL,1006304
202411,11/30/2024,KRL,815179
202411,11/1/2024,MRT,140353
202411,11/2/2024,MRT,86229
202411,11/3/2024,MRT,78871
202411,11/4/2024,MRT,127006
202411,11/5/2024,MRT,144409
202411,11/6/2024,MRT,138293
202411,11/7/2024,MRT,137346
202411,11/8/2024,MRT,143571
202411,11/9/2024,MRT,86203
202411,11/10/2024,MRT,66560
202411,11/11/2024,MRT,130773
202411,11/12/2024,MRT,136799
202411,11/13/2024,MRT,140349
202411,11/14/2024,MRT,138115
202411,11/15/2024,MRT,146910
202411,11/16/2024,MRT,75366
202411,11/17/2024,MRT,76762
202411,11/18/2024,MRT,127232
202411,11/19/2024,MRT,149339
202411,11/20/2024,MRT,137648
202411,11/21/2024,MRT,134389
202410,10/1/2024,TRANSJAKARTA,1266952
202410,10/2/2024,TRANSJAKARTA,1270431
202410,10/3/2024,TRANSJAKARTA,1277329
202410,10/4/2024,TRANSJAKARTA,1260559
202410,10/5/2024,TRANSJAKARTA,1073938
202410,10/6/2024,TRANSJAKARTA,759123
202410,10/7/2024,TRANSJAKARTA,1255388
202410,10/8/2024,TRANSJAKARTA,1269771
202410,10/9/2024,TRANSJAKARTA,1268531
202410,10/10/2024,TRANSJAKARTA,1252211
202410,10/11/2024,TRANSJAKARTA,1241870
202410,10/12/2024,TRANSJAKARTA,840623
202410,10/13/2024,TRANSJAKARTA,702513
202410,10/14/2024,TRANSJAKARTA,1247873
202410,10/15/2024,TRANSJAKARTA,1262557
202410,10/16/2024,TRANSJAKARTA,1278961
202410,10/17/2024,TRANSJAKARTA,1279512
202410,10/18/2024,TRANSJAKARTA,1261442
202410,10/19/2024,TRANSJAKARTA,853466
202410,10/20/2024,TRANSJAKARTA,758392
202410,10/21/2024,TRANSJAKARTA,1269359
202410,10/22/2024,TRANSJAKARTA,1272359
202410,10/23/2024,TRANSJAKARTA,1284678
202410,10/24/2024,TRANSJAKARTA,1258016
202410,10/25/2024,TRANSJAKARTA,1242056
202410,10/26/2024,TRANSJAKARTA,849281
202410,10/27/2024,TRANSJAKARTA,718718
202410,10/28/2024,TRANSJAKARTA,1253303
202410,10/29/2024,TRANSJAKARTA,1275282
202410,10/30/2024,TRANSJAKARTA,1278232
202410,10/31/2024,TRANSJAKARTA,1263754
202410,10/1/2024,BUS SEKOLAH,42905
202410,10/2/2024,BUS SEKOLAH,42690
202410,10/3/2024,BUS SEKOLAH,42469
202410,10/4/2024,BUS SEKOLAH,37960
202410,10/5/2024,BUS SEKOLAH,820
202410,10/6/2024,BUS SEKOLAH,778
202410,10/7/2024,BUS SEKOLAH,42617
202410,10/8/2024,BUS SEKOLAH,41435
202410,10/9/2024,BUS SEKOLAH,42342
202410,10/10/2024,BUS SEKOLAH,42066
202410,10/11/2024,BUS SEKOLAH,37972
202410,10/12/2024,BUS SEKOLAH,2194
202410,10/13/2024,BUS SEKOLAH,975
202410,10/14/2024,BUS SEKOLAH,41350
202410,10/15/2024,BUS SEKOLAH,40401
202410,10/16/2024,BUS SEKOLAH,39481
202410,10/17/2024,BUS SEKOLAH,37589
202410,10/18/2024,BUS SEKOLAH,35830
202410,10/19/2024,BUS SEKOLAH,1901
202410,10/20/2024,BUS SEKOLAH,1509
202410,10/21/2024,BUS SEKOLAH,36977
202410,10/22/2024,BUS SEKOLAH,40742
202410,10/23/2024,BUS SEKOLAH,43857
202410,10/24/2024,BUS SEKOLAH,44459
202410,10/25/2024,BUS SEKOLAH,39870
202410,10/26/2024,BUS SEKOLAH,848
202410,10/27/2024,BUS SEKOLAH,1925
202410,10/28/2024,BUS SEKOLAH,43345
202410,10/29/2024,BUS SEKOLAH,43146
202410,10/30/2024,BUS SEKOLAH,43769
202410,10/31/2024,BUS SEKOLAH,42106
202410,10/1/2024,KRL,1037644
202410,10/2/2024,KRL,1038270
202410,10/3/2024,KRL,1026790
202410,10/4/2024,KRL,1049025
202410,10/5/2024,KRL,1209506
202410,10/6/2024,KRL,818576
202410,10/7/2024,KRL,1047038
202410,10/8/2024,KRL,1014898
202410,10/9/2024,KRL,1015314
202410,10/10/2024,KRL,1006511
202410,10/11/2024,KRL,1023644
202410,10/12/2024,KRL,812578
202410,10/13/2024,KRL,695861
202410,10/14/2024,KRL,1030507
202410,10/15/2024,KRL,1002702
202410,10/16/2024,KRL,1003125
202410,10/17/2024,KRL,1000462
202410,10/18/2024,KRL,1018458
202410,10/19/2024,KRL,797527
202410,10/20/2024,KRL,757573
202410,10/21/2024,KRL,1031841
202410,10/22/2024,KRL,999949
202410,10/23/2024,KRL,995009
202410,10/24/2024,KRL,987980
202410,10/25/2024,KRL,1001323
202410,10/26/2024,KRL,804653
202410,10/27/2024,KRL,693477
202410,10/28/2024,KRL,1017175
202410,10/29/2024,KRL,993302
202410,10/30/2024,KRL,1003302
202410,10/31/2024,KRL,999191
202410,10/1/2024,MRT,137804
202410,10/2/2024,MRT,141120
202410,10/3/2024,MRT,139663
202410,10/4/2024,MRT,145921
202410,10/5/2024,MRT,142936
202410,10/6/2024,MRT,78779
202410,10/7/2024,MRT,128909
202410,10/8/2024,MRT,136308
202410,10/9/2024,MRT,140697
202410,10/10/2024,MRT,139023
202410,10/11/2024,MRT,138132
202410,10/12/2024,MRT,90284
202410,10/13/2024,MRT,70836
202410,10/14/2024,MRT,126820
202410,10/15/2024,MRT,136273
202410,10/16/2024,MRT,138598
202410,10/17/2024,MRT,135787
202410,10/18/2024,MRT,138165
202410,10/19/2024,MRT,80580
202410,10/20/2024,MRT,132311
202410,10/21/2024,MRT,126892
202410,10/22/2024,MRT,132796
202410,10/23/2024,MRT,133927
202410,10/24/2024,MRT,131414
202410,10/25/2024,MRT,135755
202410,10/26/2024,MRT,81817
202410,10/27/2024,MRT,74163
202410,10/28/2024,MRT,125895
202410,10/29/2024,MRT,133449
202410,10/30/2024,MRT,135972
202410,10/31/2024,MRT,134554
202410,10/1/2024,LRT,3024
202410,10/2/2024,LRT,3495
202410,10/3/2024,LRT,3279
202409,9/2/2024,MRT,127463
202409,9/3/2024,MRT,136000
202409,9/4/2024,MRT,139700
202409,9/5/2024,MRT,117416
202409,9/6/2024,MRT,134651
202409,9/7/2024,MRT,86160
202409,9/8/2024,MRT,79327
202409,9/9/2024,MRT,130683
202409,9/10/2024,MRT,168739
202409,9/11/2024,MRT,139455
202409,9/12/2024,MRT,141684
202409,9/13/2024,MRT,136551
202409,9/14/2024,MRT,85345
202409,9/15/2024,MRT,105901
202409,9/16/2024,MRT,63832
202409,9/17/2024,MRT,130995
202409,9/18/2024,MRT,136992
202409,9/19/2024,MRT,134680
202409,9/20/2024,MRT,135501
202409,9/21/2024,MRT,81078
202409,9/22/2024,MRT,77031
202409,9/23/2024,MRT,125886
202409,9/24/2024,MRT,132198
202409,9/25/2024,MRT,140607
202409,9/26/2024,MRT,139367
202409,9/27/2024,MRT,141757
202409,9/28/2024,MRT,93212
202409,9/29/2024,MRT,87136
202409,9/30/2024,MRT,129721
202409,9/1/2024,LRT,2984
202409,9/2/2024,LRT,3008
202409,9/3/2024,LRT,3043
202409,9/4/2024,LRT,3132
202409,9/5/2024,LRT,2830
202409,9/6/2024,LRT,3474
202409,9/7/2024,LRT,3767
202409,9/8/2024,LRT,2988
202409,9/9/2024,LRT,3081
202409,9/10/2024,LRT,3306
202409,9/11/2024,LRT,3411
202409,9/12/2024,LRT,3186
202409,9/13/2024,LRT,3472
202409,9/14/2024,LRT,3809
202409,9/15/2024,LRT,3448
202409,9/16/2024,LRT,3183
202409,9/17/2024,LRT,3196
202409,9/18/2024,LRT,3037
202409,9/19/2024,LRT,3182
202409,9/20/2024,LRT,3439
202409,9/21/2024,LRT,3500
202409,9/22/2024,LRT,2648
202409,9/23/2024,LRT,3172
202409,9/24/2024,LRT,3080
202409,9/25/2024,LRT,3083
202409,9/26/2024,LRT,3121
202409,9/27/2024,LRT,3492
202409,9/28/2024,LRT,3401
202409,9/29/2024,LRT,3011
202409,9/30/2024,LRT,3144
202409,9/1/2024,KCI COMMUTER BANDARA,5356
202409,9/2/2024,KCI COMMUTER BANDARA,6315
202409,9/3/2024,KCI COMMUTER BANDARA,6270
202409,9/4/2024,KCI COMMUTER BANDARA,6395
202409,9/5/2024,KCI COMMUTER BANDARA,6090
202409,9/6/2024,KCI COMMUTER BANDARA,7174
202409,9/7/2024,KCI COMMUTER BANDARA,5306
202412,12/5/2024,KAPAL,654
202412,12/6/2024,KAPAL,785
202412,12/7/2024,KAPAL,3865
202412,12/8/2024,KAPAL,3382
202412,12/9/2024,KAPAL,1088
202412,12/10/2024,KAPAL,560
202412,12/11/2024,KAPAL,1062
202412,12/12/2024,KAPAL,714
202412,12/13/2024,KAPAL,951
202412,12/14/2024,KAPAL,2252
202412,12/15/2024,KAPAL,2139
202412,12/16/2024,KAPAL,1112
202412,12/17/2024,KAPAL,999
202412,12/18/2024,KAPAL,1080
202412,12/19/2024,KAPAL,754
202412,12/20/2024,KAPAL,900
202412,12/21/2024,KAPAL,2093
202412,12/22/2024,KAPAL,2134
202412,12/23/2024,KAPAL,1535
202412,12/24/2024,KAPAL,1508
202412,12/25/2024,KAPAL,2509
202412,12/26/2024,KAPAL,2409
202412,12/27/2024,KAPAL,1411
202412,12/28/2024,KAPAL,3772
202412,12/29/2024,KAPAL,3836
202412,12/30/2024,KAPAL,2202
202412,12/31/2024,KAPAL,4067
202501,1/28/2025,TRANSJAKARTA,755202
202501,1/29/2025,TRANSJAKARTA,568442
202501,1/30/2025,TRANSJAKARTA,1180302
202501,1/31/2025,TRANSJAKARTA,1189569
202501,1/1/2025,BUS SEKOLAH,0
202501,1/2/2025,BUS SEKOLAH,0
202501,1/3/2025,BUS SEKOLAH,0
202501,1/4/2025,BUS SEKOLAH,0
202501,1/5/2025,BUS SEKOLAH,130
202501,1/6/2025,BUS SEKOLAH,37766
202501,1/7/2025,BUS SEKOLAH,42077
202501,1/8/2025,BUS SEKOLAH,41179
202501,1/9/2025,BUS SEKOLAH,38994
202501,1/10/2025,BUS SEKOLAH,40851
202501,1/11/2025,BUS SEKOLAH,0
202501,1/12/2025,BUS SEKOLAH,364
202501,1/13/2025,BUS SEKOLAH,41864
202501,1/14/2025,BUS SEKOLAH,43124
202501,1/15/2025,BUS SEKOLAH,42164
202501,1/16/2025,BUS SEKOLAH,43539
202501,1/17/2025,BUS SEKOLAH,39413
202501,1/18/2025,BUS SEKOLAH,106
202501,1/19/2025,BUS SEKOLAH,0
202501,1/20/2025,BUS SEKOLAH,41671
202501,1/21/2025,BUS SEKOLAH,41248
202501,1/22/2025,BUS SEKOLAH,42235
202501,1/23/2025,BUS SEKOLAH,42502
202501,1/24/2025,BUS SEKOLAH,41503
202501,1/25/2025,BUS SEKOLAH,1118
202501,1/26/2025,BUS SEKOLAH,505
202501,1/27/2025,BUS SEKOLAH,288
202501,1/28/2025,BUS SEKOLAH,858
202501,1/29/2025,BUS SEKOLAH,959
202501,1/30/2025,BUS SEKOLAH,37600
202501,1/31/2025,BUS SEKOLAH,38622
202501,1/1/2025,KRL,864048
202501,1/2/2025,KRL,1088073
202501,1/3/2025,KRL,1022809
202501,1/4/2025,KRL,851694
202501,1/5/2025,KRL,717744
202501,1/6/2025,KRL,1030553
202501,1/7/2025,KRL,993346
202501,1/8/2025,KRL,985265
202501,1/9/2025,KRL,931522
202501,1/10/2025,KRL,1001684
202501,1/11/2025,KRL,766318
202501,1/12/2025,KRL,673643
202501,1/13/2025,KRL,1020557
202501,1/14/2025,KRL,973946
202501,1/15/2025,KRL,996282
202501,1/16/2025,KRL,986152
202501,1/17/2025,KRL,982296
202501,1/18/2025,KRL,746455
202501,1/19/2025,KRL,643013
202501,1/20/2025,KRL,1000092
202501,1/21/2025,KRL,954372
202501,1/22/2025,KRL,975697
202501,1/23/2025,KRL,975334
202501,1/24/2025,KRL,988306
202501,1/25/2025,KRL,802004
202501,1/26/2025,KRL,781930
202501,1/27/2025,KRL,800894
202501,1/28/2025,KRL,736506
202501,1/29/2025,KRL,681623
202501,1/30/2025,KRL,984404
202501,1/31/2025,KRL,979485
202501,1/1/2025,MRT,113831
202501,1/2/2025,MRT,121991
202501,1/3/2025,MRT,127372
202501,1/4/2025,MRT,75183
202501,1/5/2025,MRT,63337
202501,1/6/2025,MRT,133095
202501,1/7/2025,MRT,136369
202501,1/8/2025,MRT,138191
202501,1/9/2025,MRT,133640
202501,1/10/2025,MRT,140932
202501,1/11/2025,MRT,78361
202501,1/12/2025,MRT,75898
202501,1/13/2025,MRT,132918
202501,1/14/2025,MRT,141965
202501,1/15/2025,MRT,144634
202501,1/16/2025,MRT,140136
202501,1/17/2025,MRT,142156
202501,1/18/2025,MRT,79278
202501,1/19/2025,MRT,70221
202501,1/20/2025,MRT,133123
202501,1/21/2025,MRT,136423
202501,1/22/2025,MRT,141091
202501,1/23/2025,MRT,129260
202501,1/24/2025,MRT,139090
202501,1/25/2025,MRT,79126
202501,1/26/2025,MRT,100538
202501,1/27/2025,MRT,83546
202501,1/28/2025,MRT,80365
202501,1/29/2025,MRT,51336
202501,1/30/2025,MRT,132390
202501,1/31/2025,MRT,138869
202501,1/1/2025,LRT,6367
202501,1/2/2025,LRT,3037
202501,1/3/2025,LRT,3273
202501,1/4/2025,LRT,2909
202501,1/5/2025,LRT,2250
202501,1/6/2025,LRT,2873
202501,1/7/2025,LRT,2959
202501,1/8/2025,LRT,3002
202501,1/9/2025,LRT,3098
202501,1/10/2025,LRT,3173
202501,1/11/2025,LRT,2932
202501,1/12/2025,LRT,2602
202501,1/13/2025,LRT,2838
202501,1/14/2025,LRT,2836
202501,1/15/2025,LRT,2935
202501,1/16/2025,LRT,3195
202501,1/17/2025,LRT,3142
202501,1/18/2025,LRT,3264
202501,1/19/2025,LRT,2910
202501,1/20/2025,LRT,2840
202501,1/21/2025,LRT,2880
202501,1/22/2025,LRT,2979
202501,1/23/2025,LRT,3389
202501,1/24/2025,LRT,3268
202501,1/25/2025,LRT,3278
202501,1/26/2025,LRT,3358
202501,1/27/2025,LRT,3265
202501,1/28/2025,LRT,3530
202501,1/29/2025,LRT,4306
202501,1/30/2025,LRT,3183
202501,1/31/2025,LRT,3457
202501,1/1/2025,KCI COMMUTER BANDARA,5638
202501,1/2/2025,KCI COMMUTER BANDARA,6067
202501,1/3/2025,KCI COMMUTER BANDARA,6286
202501,1/4/2025,KCI COMMUTER BANDARA,4767
202501,1/5/2025,KCI COMMUTER BANDARA,5606
202501,1/6/2025,KCI COMMUTER BANDARA,6390
202501,1/7/2025,KCI COMMUTER BANDARA,5585
202501,1/8/2025,KCI COMMUTER BANDARA,5986
202501,1/9/2025,KCI COMMUTER BANDARA,5441
202501,1/10/2025,KCI COMMUTER BANDARA,6115
202501,1/11/2025,KCI COMMUTER BANDARA,4429
202501,1/12/2025,KCI COMMUTER BANDARA,4448
202501,1/13/2025,KCI COMMUTER BANDARA,5872
202501,1/14/2025,KCI COMMUTER BANDARA,6214
202501,1/15/2025,KCI COMMUTER BANDARA,6333
202501,1/16/2025,KCI COMMUTER BANDARA,6427
202501,1/17/2025,KCI COMMUTER BANDARA,6396
202501,1/18/2025,KCI COMMUTER BANDARA,4368
202501,1/19/2025,KCI COMMUTER BANDARA,4293
202501,1/20/2025,KCI COMMUTER BANDARA,5750
202501,1/21/2025,KCI COMMUTER BANDARA,5722
202501,1/22/2025,KCI COMMUTER BANDARA,6139
202501,1/23/2025,KCI COMMUTER BANDARA,6031
202501,1/24/2025,KCI COMMUTER BANDARA,8228
202501,1/25/2025,KCI COMMUTER BANDARA,6599
202501,1/26/2025,KCI COMMUTER BANDARA,4682
202501,1/27/2025,KCI COMMUTER BANDARA,4298
202501,1/28/2025,KCI COMMUTER BANDARA,3805
202501,1/29/2025,KCI COMMUTER BANDARA,6384
202501,1/30/2025,KCI COMMUTER BANDARA,6528
202501,1/31/2025,KCI COMMUTER BANDARA,6397
202501,1/1/2025,KAPAL,4598
202501,1/2/2025,KAPAL,2704
202501,1/3/2025,KAPAL,2263
202501,1/4/2025,KAPAL,4062
202501,1/5/2025,KAPAL,3386
202501,1/6/2025,KAPAL,1485
202411,11/22/2024,MRT,135209
202411,11/23/2024,MRT,74060
202411,11/24/2024,MRT,66368
202411,11/25/2024,MRT,130124
202411,11/26/2024,MRT,148489
202411,11/27/2024,MRT,55950
202411,11/28/2024,MRT,137234
202411,11/29/2024,MRT,139698
202411,11/30/2024,MRT,84986
202411,11/1/2024,LRT,3299
202411,11/2/2024,LRT,3000
202411,11/3/2024,LRT,2958
202411,11/4/2024,LRT,3580
202411,11/5/2024,LRT,2990
202411,11/6/2024,LRT,3299
202411,11/7/2024,LRT,3060
202411,11/8/2024,LRT,3466
202411,11/9/2024,LRT,3033
202411,11/10/2024,LRT,2649
202411,11/11/2024,LRT,2958
202411,11/12/2024,LRT,3226
202411,11/13/2024,LRT,3185
202411,11/14/2024,LRT,2947
202411,11/15/2024,LRT,3571
202411,11/16/2024,LRT,2714
202411,11/17/2024,LRT,2749
202411,11/18/2024,LRT,2927
202411,11/19/2024,LRT,3052
202411,11/20/2024,LRT,3528
202411,11/21/2024,LRT,3123
202411,11/22/2024,LRT,3256
202411,11/23/2024,LRT,2919
202411,11/24/2024,LRT,2423
202411,11/25/2024,LRT,2928
202411,11/26/2024,LRT,3132
202411,11/27/2024,LRT,2870
202411,11/28/2024,LRT,3115
202411,11/29/2024,LRT,3459
202411,11/30/2024,LRT,3439
202411,11/1/2024,KCI COMMUTER BANDARA,6691
202411,11/2/2024,KCI COMMUTER BANDARA,4512
202411,11/3/2024,KCI COMMUTER BANDARA,4602
202411,11/4/2024,KCI COMMUTER BANDARA,5949
202411,11/5/2024,KCI COMMUTER BANDARA,6003
202411,11/6/2024,KCI COMMUTER BANDARA,5854
202411,11/7/2024,KCI COMMUTER BANDARA,6141
202411,11/8/2024,KCI COMMUTER BANDARA,7020
202411,11/9/2024,KCI COMMUTER BANDARA,4864
202411,11/10/2024,KCI COMMUTER BANDARA,4977
202411,11/11/2024,KCI COMMUTER BANDARA,6035
202411,11/12/2024,KCI COMMUTER BANDARA,5961
202411,11/13/2024,KCI COMMUTER BANDARA,6334
202411,11/14/2024,KCI COMMUTER BANDARA,6701
202411,11/15/2024,KCI COMMUTER BANDARA,7663
202411,11/16/2024,KCI COMMUTER BANDARA,4682
202411,11/17/2024,KCI COMMUTER BANDARA,5128
202411,11/18/2024,KCI COMMUTER BANDARA,6191
202411,11/19/2024,KCI COMMUTER BANDARA,6280
202411,11/20/2024,KCI COMMUTER BANDARA,6346
202411,11/21/2024,KCI COMMUTER BANDARA,6435
202411,11/22/2024,KCI COMMUTER BANDARA,7144
202411,11/23/2024,KCI COMMUTER BANDARA,4869
202411,11/24/2024,KCI COMMUTER BANDARA,4569
202411,11/25/2024,KCI COMMUTER BANDARA,5685
202411,11/26/2024,KCI COMMUTER BANDARA,6141
202411,11/27/2024,KCI COMMUTER BANDARA,4422
202411,11/28/2024,KCI COMMUTER BANDARA,5743
202411,11/29/2024,KCI COMMUTER BANDARA,6387
202411,11/30/2024,KCI COMMUTER BANDARA,5007
202411,11/1/2024,KAPAL,1636
202411,11/2/2024,KAPAL,6651
202411,11/3/2024,KAPAL,5760
202411,11/4/2024,KAPAL,1711
202411,11/5/2024,KAPAL,1885
202411,11/6/2024,KAPAL,1856
202411,11/7/2024,KAPAL,1405
202411,11/8/2024,KAPAL,1838
202411,11/9/2024,KAPAL,5590
202411,11/10/2024,KAPAL,5371
202411,11/11/2024,KAPAL,1470
202411,11/12/2024,KAPAL,1390
202411,11/13/2024,KAPAL,1618
202411,11/14/2024,KAPAL,2263
202411,11/15/2024,KAPAL,2370
202411,11/16/2024,KAPAL,4050
202411,11/17/2024,KAPAL,4351
202411,11/18/2024,KAPAL,1437
202411,11/19/2024,KAPAL,1090
202411,11/20/2024,KAPAL,1436
202411,11/21/2024,KAPAL,1791
202411,11/22/2024,KAPAL,1962
202411,11/23/2024,KAPAL,3584
202411,11/24/2024,KAPAL,3429
202411,11/25/2024,KAPAL,1213
202411,11/26/2024,KAPAL,1125
202411,11/27/2024,KAPAL,1272
202411,11/28/2024,KAPAL,1403
202411,11/29/2024,KAPAL,1913
202411,11/30/2024,KAPAL,4499
202501,1/1/2025,TRANSJAKARTA,779918
202501,1/2/2025,TRANSJAKARTA,1110609
202501,1/3/2025,TRANSJAKARTA,1119454
202501,1/4/2025,TRANSJAKARTA,834632
202501,1/5/2025,TRANSJAKARTA,695032
202501,1/6/2025,TRANSJAKARTA,1260068
202501,1/7/2025,TRANSJAKARTA,1267067
202501,1/8/2025,TRANSJAKARTA,1244752
202501,1/9/2025,TRANSJAKARTA,1182641
202501,1/10/2025,TRANSJAKARTA,1271606
202501,1/11/2025,TRANSJAKARTA,831621
202501,1/12/2025,TRANSJAKARTA,733658
202501,1/13/2025,TRANSJAKARTA,1271950
202501,1/14/2025,TRANSJAKARTA,1242482
202501,1/15/2025,TRANSJAKARTA,1264235
202501,1/16/2025,TRANSJAKARTA,1251190
202501,1/17/2025,TRANSJAKARTA,1227255
202501,1/18/2025,TRANSJAKARTA,827346
202501,1/19/2025,TRANSJAKARTA,716849
202501,1/20/2025,TRANSJAKARTA,1208413
202501,1/21/2025,TRANSJAKARTA,1200611
202501,1/22/2025,TRANSJAKARTA,1239110
202501,1/23/2025,TRANSJAKARTA,1227176
202501,1/24/2025,TRANSJAKARTA,1214133
202501,1/25/2025,TRANSJAKARTA,827797
202501,1/26/2025,TRANSJAKARTA,760449
202501,1/27/2025,TRANSJAKARTA,723459
202412,12/1/2024,TRANSJAKARTA,745336
202412,12/2/2024,TRANSJAKARTA,1295869
202412,12/3/2024,TRANSJAKARTA,1307318
202412,12/4/2024,TRANSJAKARTA,1301816
202412,12/5/2024,TRANSJAKARTA,1292948
202412,12/6/2024,TRANSJAKARTA,1299581
202412,12/7/2024,TRANSJAKARTA,838861
202412,12/8/2024,TRANSJAKARTA,738142
202412,12/9/2024,TRANSJAKARTA,1235851
202412,12/10/2024,TRANSJAKARTA,1302441
202412,12/11/2024,TRANSJAKARTA,1297867
202412,12/12/2024,TRANSJAKARTA,1293693
202412,12/13/2024,TRANSJAKARTA,1239271
202412,12/14/2024,TRANSJAKARTA,858296
202412,12/15/2024,TRANSJAKARTA,725931
202412,12/16/2024,TRANSJAKARTA,1249724
202412,12/17/2024,TRANSJAKARTA,1238341
202412,12/18/2024,TRANSJAKARTA,1251735
202412,12/19/2024,TRANSJAKARTA,1214369
202412,12/20/2024,TRANSJAKARTA,1225247
202412,12/21/2024,TRANSJAKARTA,866515
202412,12/22/2024,TRANSJAKARTA,728871
202412,12/23/2024,TRANSJAKARTA,1115662
202412,12/24/2024,TRANSJAKARTA,1103916
202412,12/25/2024,TRANSJAKARTA,696747
202412,12/26/2024,TRANSJAKARTA,842094
202412,12/27/2024,TRANSJAKARTA,1055174
202412,12/28/2024,TRANSJAKARTA,852428
202412,12/29/2024,TRANSJAKARTA,799846
202412,12/30/2024,TRANSJAKARTA,1071256
202412,12/31/2024,TRANSJAKARTA,1056165
202412,12/1/2024,BUS SEKOLAH,1297
202412,12/2/2024,BUS SEKOLAH,42093
202412,12/3/2024,BUS SEKOLAH,41948
202412,12/4/2024,BUS SEKOLAH,39419
202412,12/5/2024,BUS SEKOLAH,39498
202412,12/6/2024,BUS SEKOLAH,39073
202412,12/7/2024,BUS SEKOLAH,1039
202412,12/8/2024,BUS SEKOLAH,4250
202412,12/9/2024,BUS SEKOLAH,39492
202412,12/10/2024,BUS SEKOLAH,38542
202412,12/11/2024,BUS SEKOLAH,38140
202412,12/12/2024,BUS SEKOLAH,38456
202412,12/13/2024,BUS SEKOLAH,35729
202412,12/14/2024,BUS SEKOLAH,1083
202412,12/15/2024,BUS SEKOLAH,1399
202412,12/16/2024,BUS SEKOLAH,35501
202412,12/17/2024,BUS SEKOLAH,33169
202412,12/18/2024,BUS SEKOLAH,28438
202412,12/19/2024,BUS SEKOLAH,22461
202412,12/20/2024,BUS SEKOLAH,3211
202412,12/21/2024,BUS SEKOLAH,903
202412,12/22/2024,BUS SEKOLAH,0
202412,12/23/2024,BUS SEKOLAH,0
202412,12/24/2024,BUS SEKOLAH,0
202412,12/25/2024,BUS SEKOLAH,0
202412,12/26/2024,BUS SEKOLAH,0
202412,12/27/2024,BUS SEKOLAH,0
202412,12/28/2024,BUS SEKOLAH,0
202412,12/29/2024,BUS SEKOLAH,0
202412,12/30/2024,BUS SEKOLAH,0
202412,12/31/2024,BUS SEKOLAH,0
202412,12/1/2024,KRL,711894
202412,12/2/2024,KRL,1038347
202412,12/3/2024,KRL,998642
202412,12/4/2024,KRL,984513
202412,12/5/2024,KRL,998070
202412,12/6/2024,KRL,1022144
202412,12/7/2024,KRL,814226
202412,12/8/2024,KRL,705014
202412,12/9/2024,KRL,999688
202412,12/10/2024,KRL,988474
202412,12/11/2024,KRL,1005718
202412,12/12/2024,KRL,1005478
202412,12/13/2024,KRL,1006050
202412,12/14/2024,KRL,779387
202412,12/15/2024,KRL,671988
202412,12/16/2024,KRL,0
202412,12/17/2024,KRL,0
202412,12/18/2024,KRL,1018591
202412,12/19/2024,KRL,1003234
202412,12/20/2024,KRL,1009686
202412,12/21/2024,KRL,819346
202412,12/22/2024,KRL,688596
202412,12/23/2024,KRL,1031024
202412,12/24/2024,KRL,996792
202412,12/25/2024,KRL,674556
202412,12/26/2024,KRL,763062
202412,12/27/2024,KRL,932855
202412,12/28/2024,KRL,839635
202412,12/29/2024,KRL,794896
202412,12/30/2024,KRL,1017880
202412,12/31/2024,KRL,390448
202412,12/1/2024,MRT,72825
202412,12/2/2024,MRT,128308
202412,12/3/2024,MRT,134323
202412,12/4/2024,MRT,134691
202412,12/5/2024,MRT,139750
202412,12/6/2024,MRT,143355
202412,12/7/2024,MRT,97782
202412,12/8/2024,MRT,71406
202412,12/9/2024,MRT,127367
202412,12/10/2024,MRT,140261
202412,12/11/2024,MRT,142723
202412,12/12/2024,MRT,141563
202412,12/13/2024,MRT,141524
202412,12/14/2024,MRT,81517
202412,12/15/2024,MRT,73583
202412,12/16/2024,MRT,132246
202412,12/17/2024,MRT,137742
202412,12/18/2024,MRT,138317
202412,12/19/2024,MRT,143012
202412,12/20/2024,MRT,139878
202412,12/21/2024,MRT,85702
202412,12/22/2024,MRT,72428
202412,12/23/2024,MRT,126174
202412,12/24/2024,MRT,127228
202412,12/25/2024,MRT,70567
202412,12/26/2024,MRT,83328
202412,12/27/2024,MRT,117164
202412,12/28/2024,MRT,82421
202412,12/29/2024,MRT,86507
202412,12/30/2024,MRT,122745
202412,12/31/2024,MRT,154609
202412,12/1/2024,LRT,2784
202412,12/2/2024,LRT,2954
202412,12/3/2024,LRT,2944
202412,12/4/2024,LRT,3004
202412,12/5/2024,LRT,2930
202412,12/6/2024,LRT,3715
202412,12/7/2024,LRT,3053
202412,12/8/2024,LRT,2704
202412,12/9/2024,LRT,2758
202412,12/10/2024,LRT,3391
202412,12/11/2024,LRT,3352
202412,12/12/2024,LRT,3226
202412,12/13/2024,LRT,3231
202412,12/14/2024,LRT,3010
202412,12/15/2024,LRT,2398
202412,12/16/2024,LRT,3324
202412,12/17/2024,LRT,3393
202412,12/18/2024,LRT,3788
202412,12/19/2024,LRT,3647
202412,12/20/2024,LRT,3326
202412,12/21/2024,LRT,3363
202412,12/22/2024,LRT,2735
202412,12/23/2024,LRT,3168
202412,12/24/2024,LRT,3475
202412,12/25/2024,LRT,2966
202412,12/26/2024,LRT,3623
202412,12/27/2024,LRT,3317
202412,12/28/2024,LRT,3079
202412,12/29/2024,LRT,2778
202412,12/30/2024,LRT,3406
202412,12/31/2024,LRT,6367
202412,12/1/2024,KCI COMMUTER BANDARA,5031
202412,12/2/2024,KCI COMMUTER BANDARA,6377
202412,12/3/2024,KCI COMMUTER BANDARA,6041
202412,12/4/2024,KCI COMMUTER BANDARA,6156
202412,12/5/2024,KCI COMMUTER BANDARA,6347
202412,12/6/2024,KCI COMMUTER BANDARA,7046
202412,12/7/2024,KCI COMMUTER BANDARA,4725
202412,12/8/2024,KCI COMMUTER BANDARA,4766
202412,12/9/2024,KCI COMMUTER BANDARA,6213
202412,12/10/2024,KCI COMMUTER BANDARA,6148
202412,12/11/2024,KCI COMMUTER BANDARA,6734
202412,12/12/2024,KCI COMMUTER BANDARA,6579
202412,12/13/2024,KCI COMMUTER BANDARA,6910
202412,12/14/2024,KCI COMMUTER BANDARA,4973
202412,12/15/2024,KCI COMMUTER BANDARA,4764
202412,12/16/2024,KCI COMMUTER BANDARA,0
202412,12/17/2024,KCI COMMUTER BANDARA,0
202412,12/18/2024,KCI COMMUTER BANDARA,6350
202412,12/19/2024,KCI COMMUTER BANDARA,6927
202412,12/20/2024,KCI COMMUTER BANDARA,7753
202412,12/21/2024,KCI COMMUTER BANDARA,6107
202412,12/22/2024,KCI COMMUTER BANDARA,5200
202412,12/23/2024,KCI COMMUTER BANDARA,6649
202412,12/24/2024,KCI COMMUTER BANDARA,7154
202412,12/25/2024,KCI COMMUTER BANDARA,5204
202412,12/26/2024,KCI COMMUTER BANDARA,4670
202412,12/27/2024,KCI COMMUTER BANDARA,5373
202412,12/28/2024,KCI COMMUTER BANDARA,4618
202412,12/29/2024,KCI COMMUTER BANDARA,5156
202412,12/30/2024,KCI COMMUTER BANDARA,5423
202412,12/31/2024,KCI COMMUTER BANDARA,3004
202412,12/1/2024,KAPAL,4282
202412,12/2/2024,KAPAL,1234
202412,12/3/2024,KAPAL,1135
202412,12/4/2024,KAPAL,875
202502,2/7/2025,KRL,1034846
202502,2/8/2025,KRL,825138
202502,2/9/2025,KRL,739364
202502,2/10/2025,KRL,1042692
202502,2/11/2025,KRL,1020311
202502,2/12/2025,KRL,1023604
202502,2/13/2025,KRL,1011085
202502,2/14/2025,KRL,1024894
202502,2/15/2025,KRL,841345
202502,2/16/2025,KRL,758328
202502,2/17/2025,KRL,1047969
202502,2/18/2025,KRL,1018075
202502,2/19/2025,KRL,1019063
202502,2/20/2025,KRL,1036358
202502,2/21/2025,KRL,1037218
202502,2/22/2025,KRL,840701
202502,2/23/2025,KRL,792464
202502,2/24/2025,KRL,1067320
202502,2/25/2025,KRL,1058007
202502,2/26/2025,KRL,1071192
202502,2/27/2025,KRL,1171677
202502,2/28/2025,KRL,1109583
202502,2/1/2025,MRT,76072
202502,2/2/2025,MRT,75248
202502,2/3/2025,MRT,131414
202502,2/4/2025,MRT,142426
202502,2/5/2025,MRT,145197
202502,2/6/2025,MRT,144845
202502,2/7/2025,MRT,150046
202502,2/8/2025,MRT,82372
202502,2/9/2025,MRT,75268
202502,2/10/2025,MRT,132735
202502,2/11/2025,MRT,142028
202502,2/12/2025,MRT,142865
202502,2/13/2025,MRT,141644
202502,2/14/2025,MRT,148293
202502,2/15/2025,MRT,88625
202502,2/16/2025,MRT,78895
202502,2/17/2025,MRT,130681
202502,2/18/2025,MRT,138227
202502,2/19/2025,MRT,144299
202502,2/20/2025,MRT,140378
202502,2/21/2025,MRT,142442
202502,2/22/2025,MRT,75877
202502,2/23/2025,MRT,67655
202502,2/24/2025,MRT,133240
202502,2/25/2025,MRT,145886
202502,2/26/2025,MRT,150519
202502,2/27/2025,MRT,163760
202502,2/28/2025,MRT,146163
202502,2/1/2025,LRT,3266
202502,2/2/2025,LRT,3031
202502,2/3/2025,LRT,3052
202502,2/4/2025,LRT,3139
202502,2/5/2025,LRT,3077
202502,2/6/2025,LRT,3426
202502,2/7/2025,LRT,3357
202502,2/8/2025,LRT,3137
202502,2/9/2025,LRT,3097
202502,2/10/2025,LRT,3467
202502,2/11/2025,LRT,2826
202502,2/12/2025,LRT,2894
202502,2/13/2025,LRT,2774
202502,2/14/2025,LRT,3268
202502,2/15/2025,LRT,3979
202502,2/16/2025,LRT,1582
202502,2/17/2025,LRT,1902
202502,2/18/2025,LRT,2017
202502,2/19/2025,LRT,2273
202502,2/20/2025,LRT,2722
202502,2/21/2025,LRT,2886
202502,2/22/2025,LRT,2278
202502,2/23/2025,LRT,2196
202502,2/24/2025,LRT,3523
202502,2/25/2025,LRT,3040
202502,2/26/2025,LRT,3461
202502,2/27/2025,LRT,3720
202502,2/28/2025,LRT,3535
202502,2/1/2025,KCI COMMUTER BANDARA,4487
202502,2/2/2025,KCI COMMUTER BANDARA,5175
202502,2/3/2025,KCI COMMUTER BANDARA,6487
202502,2/4/2025,KCI COMMUTER BANDARA,6516
202502,2/5/2025,KCI COMMUTER BANDARA,6477
202502,2/6/2025,KCI COMMUTER BANDARA,6490
202502,2/7/2025,KCI COMMUTER BANDARA,7362
202502,2/8/2025,KCI COMMUTER BANDARA,4885
202502,2/9/2025,KCI COMMUTER BANDARA,4937
202502,2/10/2025,KCI COMMUTER BANDARA,6333
202502,2/11/2025,KCI COMMUTER BANDARA,6103
202502,2/12/2025,KCI COMMUTER BANDARA,6418
202502,2/13/2025,KCI COMMUTER BANDARA,6147
202502,2/14/2025,KCI COMMUTER BANDARA,6992
202502,2/15/2025,KCI COMMUTER BANDARA,4478
202502,2/16/2025,KCI COMMUTER BANDARA,4505
202502,2/17/2025,KCI COMMUTER BANDARA,5949
202502,2/18/2025,KCI COMMUTER BANDARA,5539
202502,2/19/2025,KCI COMMUTER BANDARA,6273
202502,2/20/2025,KCI COMMUTER BANDARA,6546
202502,2/21/2025,KCI COMMUTER BANDARA,7093
202502,2/22/2025,KCI COMMUTER BANDARA,4697
202502,2/23/2025,KCI COMMUTER BANDARA,4890
202502,2/24/2025,KCI COMMUTER BANDARA,6430
202502,2/25/2025,KCI COMMUTER BANDARA,6777
202502,2/26/2025,KCI COMMUTER BANDARA,6907
202502,2/27/2025,KCI COMMUTER BANDARA,6817
202502,2/28/2025,KCI COMMUTER BANDARA,7101
202502,2/1/2025,KAPAL,3326
202502,2/2/2025,KAPAL,3236
202502,2/3/2025,KAPAL,1134
202502,2/4/2025,KAPAL,1005
202502,2/5/2025,KAPAL,1425
202502,2/6/2025,KAPAL,1355
202502,2/7/2025,KAPAL,1834
202502,2/8/2025,KAPAL,4050
202502,2/9/2025,KAPAL,3710
202502,2/10/2025,KAPAL,673
202502,2/11/2025,KAPAL,845
202502,2/12/2025,KAPAL,877
202502,2/13/2025,KAPAL,1095
202502,2/14/2025,KAPAL,1090
202502,2/15/2025,KAPAL,3663
202502,2/16/2025,KAPAL,3264
202502,2/17/2025,KAPAL,1283
202502,2/18/2025,KAPAL,1498
202502,2/19/2025,KAPAL,1213
202502,2/20/2025,KAPAL,1647
202502,2/21/2025,KAPAL,1195
202502,2/22/2025,KAPAL,3097
202502,2/23/2025,KAPAL,2570
202501,1/7/2025,KAPAL,1369
202501,1/8/2025,KAPAL,1378
202501,1/9/2025,KAPAL,1646
202501,1/10/2025,KAPAL,1300
202501,1/11/2025,KAPAL,3119
202501,1/12/2025,KAPAL,2525
202501,1/13/2025,KAPAL,1370
202501,1/14/2025,KAPAL,1495
202501,1/15/2025,KAPAL,1349
202501,1/16/2025,KAPAL,1083
202501,1/17/2025,KAPAL,1052
202501,1/18/2025,KAPAL,2743
202501,1/19/2025,KAPAL,2303
202501,1/20/2025,KAPAL,803
202501,1/21/2025,KAPAL,636
202501,1/22/2025,KAPAL,1269
202501,1/23/2025,KAPAL,856
202501,1/24/2025,KAPAL,957
202501,1/25/2025,KAPAL,4800
202501,1/26/2025,KAPAL,9881
202501,1/27/2025,KAPAL,9243
202501,1/28/2025,KAPAL,5278
202501,1/29/2025,KAPAL,2346
202501,1/30/2025,KAPAL,703
202501,1/31/2025,KAPAL,1238
202502,2/24/2025,KAPAL,1515
202502,2/25/2025,KAPAL,1365
202502,2/26/2025,KAPAL,1599
202502,2/27/2025,KAPAL,1941
202502,2/28/2025,KAPAL,1354
202503,3/5/2025,LRT,2969
202503,3/6/2025,LRT,3015
202503,3/7/2025,LRT,3216
202503,3/8/2025,LRT,2573
202503,3/9/2025,LRT,2306
202503,3/10/2025,LRT,2941
202503,3/11/2025,LRT,3173
202503,3/12/2025,LRT,3054
202503,3/13/2025,LRT,3017
202503,3/14/2025,LRT,3359
202503,3/15/2025,LRT,3060
202503,3/16/2025,LRT,2875
202503,3/17/2025,LRT,2970
202503,3/18/2025,LRT,3098
202503,3/19/2025,LRT,3151
202503,3/20/2025,LRT,3361
202503,3/21/2025,LRT,3602
202503,3/22/2025,LRT,2952
202503,3/23/2025,LRT,2681
202503,3/24/2025,LRT,3103
202503,3/25/2025,LRT,3286
202503,3/26/2025,LRT,3233
202503,3/27/2025,LRT,3062
202503,3/28/2025,LRT,2902
202503,3/29/2025,LRT,2351
202503,3/30/2025,LRT,2063
202503,3/31/2025,LRT,2060
202503,3/1/2025,KCI COMMUTER BANDARA,3637
202503,3/2/2025,KCI COMMUTER BANDARA,3872
202503,3/3/2025,KCI COMMUTER BANDARA,5571
202503,3/4/2025,KCI COMMUTER BANDARA,5574
202503,3/5/2025,KCI COMMUTER BANDARA,5566
202503,3/6/2025,KCI COMMUTER BANDARA,5219
202503,3/7/2025,KCI COMMUTER BANDARA,5704
202503,3/8/2025,KCI COMMUTER BANDARA,3241
202503,3/9/2025,KCI COMMUTER BANDARA,3249
202503,3/10/2025,KCI COMMUTER BANDARA,5429
202503,3/11/2025,KCI COMMUTER BANDARA,5069
202503,3/12/2025,KCI COMMUTER BANDARA,5230
202503,3/13/2025,KCI COMMUTER BANDARA,5709
202503,3/14/2025,KCI COMMUTER BANDARA,6107
202503,3/15/2025,KCI COMMUTER BANDARA,3904
202503,3/16/2025,KCI COMMUTER BANDARA,3533
202503,3/17/2025,KCI COMMUTER BANDARA,5665
202503,3/18/2025,KCI COMMUTER BANDARA,5627
202503,3/19/2025,KCI COMMUTER BANDARA,5952
202503,3/20/2025,KCI COMMUTER BANDARA,6604
202503,3/21/2025,KCI COMMUTER BANDARA,7086
202503,3/22/2025,KCI COMMUTER BANDARA,5202
202503,3/23/2025,KCI COMMUTER BANDARA,4752
202503,3/24/2025,KCI COMMUTER BANDARA,7453
202503,3/25/2025,KCI COMMUTER BANDARA,6803
202503,3/26/2025,KCI COMMUTER BANDARA,8046
202503,3/27/2025,KCI COMMUTER BANDARA,9039
202503,3/28/2025,KCI COMMUTER BANDARA,8338
202503,3/29/2025,KCI COMMUTER BANDARA,6526
202503,3/30/2025,KCI COMMUTER BANDARA,4590
202503,3/31/2025,KCI COMMUTER BANDARA,3562
202503,3/1/2025,KAPAL,1089
202503,3/2/2025,KAPAL,1015
202503,3/3/2025,KAPAL,719
202503,3/4/2025,KAPAL,596
202503,3/5/2025,KAPAL,817
202503,3/6/2025,KAPAL,628
202503,3/7/2025,KAPAL,333
202503,3/8/2025,KAPAL,875
202503,3/9/2025,KAPAL,950
202503,3/10/2025,KAPAL,724
202503,3/11/2025,KAPAL,637
202503,3/12/2025,KAPAL,555
202503,3/13/2025,KAPAL,581
202503,3/14/2025,KAPAL,653
202503,3/15/2025,KAPAL,1072
202503,3/16/2025,KAPAL,999
202503,3/17/2025,KAPAL,768
202503,3/18/2025,KAPAL,692
202503,3/19/2025,KAPAL,888
202503,3/20/2025,KAPAL,912
202503,3/21/2025,KAPAL,1091
202503,3/22/2025,KAPAL,1619
202503,3/23/2025,KAPAL,1783
202503,3/24/2025,KAPAL,1708
202503,3/25/2025,KAPAL,1389
202503,3/26/2025,KAPAL,1552
202503,3/27/2025,KAPAL,1356
202503,3/28/2025,KAPAL,2252
202503,3/29/2025,KAPAL,4148
202503,3/30/2025,KAPAL,4453
202503,3/31/2025,KAPAL,6688
202504,4/1/2025,TRANSJAKARTA,470704
202504,4/2/2025,TRANSJAKARTA,585309
202504,4/3/2025,TRANSJAKARTA,645380
202504,4/4/2025,TRANSJAKARTA,636147
202504,4/5/2025,TRANSJAKARTA,626249
202504,4/6/2025,TRANSJAKARTA,613212
202504,4/7/2025,TRANSJAKARTA,837524
202504,4/8/2025,TRANSJAKARTA,1108118
202503,3/1/2025,TRANSJAKARTA,658792
202503,3/2/2025,TRANSJAKARTA,578722
202503,3/3/2025,TRANSJAKARTA,1127297
202503,3/4/2025,TRANSJAKARTA,1087924
202503,3/5/2025,TRANSJAKARTA,1137850
202503,3/6/2025,TRANSJAKARTA,1223129
202503,3/7/2025,TRANSJAKARTA,1216125
202503,3/8/2025,TRANSJAKARTA,737612
202503,3/9/2025,TRANSJAKARTA,638366
202503,3/10/2025,TRANSJAKARTA,1246992
202503,3/11/2025,TRANSJAKARTA,1226610
202503,3/12/2025,TRANSJAKARTA,1244558
202503,3/13/2025,TRANSJAKARTA,1237228
202503,3/14/2025,TRANSJAKARTA,1215471
202503,3/15/2025,TRANSJAKARTA,788490
202503,3/16/2025,TRANSJAKARTA,667759
202503,3/17/2025,TRANSJAKARTA,1228929
202503,3/18/2025,TRANSJAKARTA,1217714
202503,3/19/2025,TRANSJAKARTA,1230666
202503,3/20/2025,TRANSJAKARTA,1222371
202503,3/21/2025,TRANSJAKARTA,1138247
202503,3/22/2025,TRANSJAKARTA,780009
202503,3/23/2025,TRANSJAKARTA,696379
202503,3/24/2025,TRANSJAKARTA,1096894
202503,3/25/2025,TRANSJAKARTA,1091617
202503,3/26/2025,TRANSJAKARTA,1045956
202503,3/27/2025,TRANSJAKARTA,960596
202503,3/28/2025,TRANSJAKARTA,735368
202503,3/29/2025,TRANSJAKARTA,559474
202503,3/30/2025,TRANSJAKARTA,470514
202503,3/31/2025,TRANSJAKARTA,335530
202503,3/1/2025,BUS SEKOLAH,0
202503,3/2/2025,BUS SEKOLAH,0
202503,3/3/2025,BUS SEKOLAH,214
202503,3/4/2025,BUS SEKOLAH,426
202503,3/5/2025,BUS SEKOLAH,88
202503,3/6/2025,BUS SEKOLAH,38434
202503,3/7/2025,BUS SEKOLAH,37448
202503,3/8/2025,BUS SEKOLAH,156
202503,3/9/2025,BUS SEKOLAH,260
202503,3/10/2025,BUS SEKOLAH,40224
202503,3/11/2025,BUS SEKOLAH,40725
202503,3/12/2025,BUS SEKOLAH,40969
202503,3/13/2025,BUS SEKOLAH,41753
202503,3/14/2025,BUS SEKOLAH,39113
202503,3/15/2025,BUS SEKOLAH,515
202503,3/16/2025,BUS SEKOLAH,897
202503,3/17/2025,BUS SEKOLAH,39592
202503,3/18/2025,BUS SEKOLAH,39260
202503,3/19/2025,BUS SEKOLAH,37689
202503,3/20/2025,BUS SEKOLAH,32179
202503,3/21/2025,BUS SEKOLAH,798
202503,3/22/2025,BUS SEKOLAH,120
202503,3/23/2025,BUS SEKOLAH,0
202503,3/24/2025,BUS SEKOLAH,428
202503,3/25/2025,BUS SEKOLAH,0
202503,3/26/2025,BUS SEKOLAH,0
202503,3/27/2025,BUS SEKOLAH,1413
202503,3/28/2025,BUS SEKOLAH,128
202503,3/29/2025,BUS SEKOLAH,0
202503,3/30/2025,BUS SEKOLAH,0
202503,3/31/2025,BUS SEKOLAH,0
202503,3/1/2025,KRL,556215
202503,3/2/2025,KRL,495898
202503,3/3/2025,KRL,1015831
202503,3/4/2025,KRL,950768
202503,3/5/2025,KRL,969668
202503,3/6/2025,KRL,991456
202503,3/7/2025,KRL,992951
202503,3/8/2025,KRL,668126
202503,3/9/2025,KRL,585568
202503,3/10/2025,KRL,1037077
202503,3/11/2025,KRL,998818
202503,3/12/2025,KRL,997713
202503,3/13/2025,KRL,999368
202503,3/14/2025,KRL,1011469
202503,3/15/2025,KRL,757997
202503,3/16/2025,KRL,662669
202503,3/17/2025,KRL,1061353
202503,3/18/2025,KRL,1027399
202503,3/19/2025,KRL,1041584
202503,3/20/2025,KRL,1061480
202503,3/21/2025,KRL,1065098
202503,3/22/2025,KRL,826332
202503,3/23/2025,KRL,737711
202503,3/24/2025,KRL,1044493
202503,3/25/2025,KRL,987623
202503,3/26/2025,KRL,1011684
202503,3/27/2025,KRL,952015
202503,3/28/2025,KRL,743260
202503,3/29/2025,KRL,558481
202503,3/30/2025,KRL,417801
202503,3/31/2025,KRL,635262
202503,3/1/2025,MRT,39592
202503,3/2/2025,MRT,33868
202503,3/3/2025,MRT,127371
202503,3/4/2025,MRT,133011
202503,3/5/2025,MRT,133273
202503,3/6/2025,MRT,137039
202503,3/7/2025,MRT,137744
202503,3/8/2025,MRT,52897
202503,3/9/2025,MRT,43493
202503,3/10/2025,MRT,13197
202503,3/11/2025,MRT,139908
202503,3/12/2025,MRT,141533
202503,3/13/2025,MRT,142600
202503,3/14/2025,MRT,145509
202503,3/15/2025,MRT,72994
202503,3/16/2025,MRT,52811
202503,3/17/2025,MRT,136385
202503,3/18/2025,MRT,144674
202503,3/19/2025,MRT,146474
202503,3/20/2025,MRT,152507
202503,3/21/2025,MRT,148163
202503,3/22/2025,MRT,68045
202503,3/23/2025,MRT,56010
202503,3/24/2025,MRT,134593
202503,3/25/2025,MRT,144386
202503,3/26/2025,MRT,128419
202503,3/27/2025,MRT,111217
202503,3/28/2025,MRT,63278
202503,3/29/2025,MRT,39047
202503,3/30/2025,MRT,29338
202503,3/31/2025,MRT,28940
202503,3/1/2025,LRT,2633
202503,3/2/2025,LRT,2172
202503,3/3/2025,LRT,2957
202503,3/4/2025,LRT,3028
202502,2/1/2025,TRANSJAKARTA,842963
202502,2/2/2025,TRANSJAKARTA,737991
202502,2/3/2025,TRANSJAKARTA,1244612
202502,2/4/2025,TRANSJAKARTA,1249487
202502,2/5/2025,TRANSJAKARTA,1270266
202502,2/6/2025,TRANSJAKARTA,1247225
202502,2/7/2025,TRANSJAKARTA,1256503
202502,2/8/2025,TRANSJAKARTA,858386
202502,2/9/2025,TRANSJAKARTA,753348
202502,2/10/2025,TRANSJAKARTA,1241866
202502,2/11/2025,TRANSJAKARTA,1269414
202502,2/12/2025,TRANSJAKARTA,1266805
202502,2/13/2025,TRANSJAKARTA,1246674
202502,2/14/2025,TRANSJAKARTA,1252179
202502,2/15/2025,TRANSJAKARTA,886091
202502,2/16/2025,TRANSJAKARTA,753394
202502,2/17/2025,TRANSJAKARTA,1237787
202502,2/18/2025,TRANSJAKARTA,1266175
202502,2/19/2025,TRANSJAKARTA,1260001
202502,2/20/2025,TRANSJAKARTA,1267677
202502,2/21/2025,TRANSJAKARTA,1254926
202502,2/22/2025,TRANSJAKARTA,846725
202502,2/23/2025,TRANSJAKARTA,760530
202502,2/24/2025,TRANSJAKARTA,1255985
202502,2/25/2025,TRANSJAKARTA,1281324
202502,2/26/2025,TRANSJAKARTA,1288639
202502,2/27/2025,TRANSJAKARTA,1228704
202502,2/28/2025,TRANSJAKARTA,1174769
202502,2/1/2025,BUS SEKOLAH,860
202502,2/2/2025,BUS SEKOLAH,1871
202502,2/3/2025,BUS SEKOLAH,40285
202502,2/4/2025,BUS SEKOLAH,42208
202502,2/5/2025,BUS SEKOLAH,41474
202502,2/6/2025,BUS SEKOLAH,41260
202502,2/7/2025,BUS SEKOLAH,39702
202502,2/8/2025,BUS SEKOLAH,948
202502,2/9/2025,BUS SEKOLAH,864
202502,2/10/2025,BUS SEKOLAH,41139
202502,2/11/2025,BUS SEKOLAH,43553
202502,2/12/2025,BUS SEKOLAH,43055
202502,2/13/2025,BUS SEKOLAH,41548
202502,2/14/2025,BUS SEKOLAH,40775
202502,2/15/2025,BUS SEKOLAH,1146
202502,2/16/2025,BUS SEKOLAH,1360
202502,2/17/2025,BUS SEKOLAH,42049
202502,2/18/2025,BUS SEKOLAH,42629
202502,2/19/2025,BUS SEKOLAH,42457
202502,2/20/2025,BUS SEKOLAH,43347
202502,2/21/2025,BUS SEKOLAH,42696
202502,2/22/2025,BUS SEKOLAH,905
202502,2/23/2025,BUS SEKOLAH,412
202502,2/24/2025,BUS SEKOLAH,43400
202502,2/25/2025,BUS SEKOLAH,43304
202502,2/26/2025,BUS SEKOLAH,40197
202502,2/27/2025,BUS SEKOLAH,902
202502,2/28/2025,BUS SEKOLAH,602
202502,2/1/2025,KRL,790860
202502,2/2/2025,KRL,729682
202502,2/3/2025,KRL,1043776
202502,2/4/2025,KRL,1013170
202502,2/5/2025,KRL,1021992
202502,2/6/2025,KRL,1013477
202504,4/18/2025,LRT,2883
202504,4/19/2025,LRT,3155
202504,4/20/2025,LRT,2627
202504,4/21/2025,LRT,4785
202504,4/22/2025,LRT,3023
202504,4/23/2025,LRT,3107
202504,4/24/2025,LRT,7013
202504,4/25/2025,LRT,3372
202504,4/26/2025,LRT,3146
202504,4/27/2025,LRT,2985
202504,4/28/2025,LRT,3229
202504,4/29/2025,LRT,3410
202504,4/30/2025,LRT,3255
202504,4/1/2025,KCI COMMUTER BANDARA,4151
202504,4/2/2025,KCI COMMUTER BANDARA,4928
202504,4/3/2025,KCI COMMUTER BANDARA,5023
202504,4/4/2025,KCI COMMUTER BANDARA,5420
202504,4/5/2025,KCI COMMUTER BANDARA,5889
202504,4/6/2025,KCI COMMUTER BANDARA,7515
202504,4/7/2025,KCI COMMUTER BANDARA,8942
202504,4/8/2025,KCI COMMUTER BANDARA,7848
202504,4/9/2025,KCI COMMUTER BANDARA,7310
202504,4/10/2025,KCI COMMUTER BANDARA,6931
202504,4/11/2025,KCI COMMUTER BANDARA,7127
202504,4/12/2025,KCI COMMUTER BANDARA,5673
202504,4/13/2025,KCI COMMUTER BANDARA,5930
202504,4/14/2025,KCI COMMUTER BANDARA,7142
202504,4/15/2025,KCI COMMUTER BANDARA,6855
202504,4/16/2025,KCI COMMUTER BANDARA,6826
202504,4/17/2025,KCI COMMUTER BANDARA,8180
202504,4/18/2025,KCI COMMUTER BANDARA,4958
202504,4/19/2025,KCI COMMUTER BANDARA,4371
202504,4/20/2025,KCI COMMUTER BANDARA,5175
202504,4/21/2025,KCI COMMUTER BANDARA,6552
202504,4/22/2025,KCI COMMUTER BANDARA,6373
202504,4/23/2025,KCI COMMUTER BANDARA,6357
202504,4/24/2025,KCI COMMUTER BANDARA,6280
202504,4/25/2025,KCI COMMUTER BANDARA,6687
202504,4/26/2025,KCI COMMUTER BANDARA,4743
202504,4/27/2025,KCI COMMUTER BANDARA,4936
202504,4/28/2025,KCI COMMUTER BANDARA,6478
202504,4/29/2025,KCI COMMUTER BANDARA,6096
202504,4/30/2025,KCI COMMUTER BANDARA,7445
202504,4/1/2025,KAPAL,11721
202504,4/2/2025,KAPAL,17644
202504,4/3/2025,KAPAL,18629
202504,4/4/2025,KAPAL,16202
202504,4/5/2025,KAPAL,18926
202504,4/6/2025,KAPAL,15011
202504,4/7/2025,KAPAL,5957
202504,4/8/2025,KAPAL,3405
202504,4/9/2025,KAPAL,2454
202504,4/10/2025,KAPAL,1935
202504,4/11/2025,KAPAL,2173
202504,4/12/2025,KAPAL,4856
202504,4/13/2025,KAPAL,5575
202504,4/14/2025,KAPAL,1915
202504,4/15/2025,KAPAL,1569
202504,4/16/2025,KAPAL,1801
202504,4/17/2025,KAPAL,1665
202504,4/18/2025,KAPAL,7336
202504,4/19/2025,KAPAL,9073
202504,4/20/2025,KAPAL,7289
202504,4/21/2025,KAPAL,1276
202504,4/22/2025,KAPAL,1202
202504,4/23/2025,KAPAL,1675
202504,4/24/2025,KAPAL,1223
202504,4/25/2025,KAPAL,2104
202504,4/26/2025,KAPAL,5809
202504,4/27/2025,KAPAL,6035
202504,4/28/2025,KAPAL,1766
202504,4/29/2025,KAPAL,1763
202504,4/30/2025,KAPAL,1894
202505,5/1/2025,TRANSJAKARTA,748174
202505,5/2/2025,TRANSJAKARTA,1262678
202505,5/3/2025,TRANSJAKARTA,863071
202505,5/4/2025,TRANSJAKARTA,782847
202505,5/5/2025,TRANSJAKARTA,1275665
202505,5/6/2025,TRANSJAKARTA,1294039
202505,5/7/2025,TRANSJAKARTA,1316928
202505,5/8/2025,TRANSJAKARTA,1277199
202505,5/9/2025,TRANSJAKARTA,1269445
202505,5/10/2025,TRANSJAKARTA,858346
202505,5/11/2025,TRANSJAKARTA,822929
202505,5/12/2025,TRANSJAKARTA,768663
202505,5/13/2025,TRANSJAKARTA,925861
202505,5/14/2025,TRANSJAKARTA,1328655
202505,5/15/2025,TRANSJAKARTA,1286540
202505,5/16/2025,TRANSJAKARTA,1255977
202505,5/17/2025,TRANSJAKARTA,826793
202505,5/18/2025,TRANSJAKARTA,754368
202505,5/19/2025,TRANSJAKARTA,1278431
202505,5/20/2025,TRANSJAKARTA,1281428
202505,5/21/2025,TRANSJAKARTA,1270173
202505,5/22/2025,TRANSJAKARTA,1278104
202505,5/23/2025,TRANSJAKARTA,1241706
202505,5/24/2025,TRANSJAKARTA,877559
202505,5/25/2025,TRANSJAKARTA,745212
202505,5/26/2025,TRANSJAKARTA,1259567
202505,5/27/2025,TRANSJAKARTA,1288374
202505,5/28/2025,TRANSJAKARTA,1310859
202505,5/29/2025,TRANSJAKARTA,750000
202505,5/30/2025,TRANSJAKARTA,911670
202505,5/31/2025,TRANSJAKARTA,851938
202505,5/1/2025,BUS SEKOLAH,1780
202505,5/2/2025,BUS SEKOLAH,39800
202505,5/3/2025,BUS SEKOLAH,1440
202505,5/4/2025,BUS SEKOLAH,0
202505,5/5/2025,BUS SEKOLAH,39047
202505,5/6/2025,BUS SEKOLAH,39689
202505,5/7/2025,BUS SEKOLAH,39873
202505,5/8/2025,BUS SEKOLAH,40369
202505,5/9/2025,BUS SEKOLAH,39529
202505,5/10/2025,BUS SEKOLAH,1736
202505,5/11/2025,BUS SEKOLAH,2912
202505,5/12/2025,BUS SEKOLAH,1108
202505,5/13/2025,BUS SEKOLAH,884
202505,5/14/2025,BUS SEKOLAH,41228
202505,5/15/2025,BUS SEKOLAH,42091
202505,5/16/2025,BUS SEKOLAH,40124
202505,5/17/2025,BUS SEKOLAH,1928
202505,5/18/2025,BUS SEKOLAH,1332
202505,5/19/2025,BUS SEKOLAH,42166
202505,5/20/2025,BUS SEKOLAH,41784
202505,5/21/2025,BUS SEKOLAH,42192
202505,5/22/2025,BUS SEKOLAH,42350
202505,5/23/2025,BUS SEKOLAH,41432
202505,5/24/2025,BUS SEKOLAH,2036
202505,5/25/2025,BUS SEKOLAH,4348
202505,5/26/2025,BUS SEKOLAH,42775
202505,5/27/2025,BUS SEKOLAH,42187
202505,5/28/2025,BUS SEKOLAH,40591
202505,5/29/2025,BUS SEKOLAH,520
202505,5/30/2025,BUS SEKOLAH,900
202505,5/31/2025,BUS SEKOLAH,9804
202505,5/1/2025,KRL,744977
202505,5/2/2025,KRL,1066430
202505,5/3/2025,KRL,855494
202505,5/4/2025,KRL,765206
202505,5/5/2025,KRL,1075044
202505,5/6/2025,KRL,1039194
202505,5/7/2025,KRL,1046483
202505,5/8/2025,KRL,1035570
202505,5/9/2025,KRL,1047557
202505,5/10/2025,KRL,835290
202505,5/11/2025,KRL,842508
202505,5/12/2025,KRL,813153
202505,5/13/2025,KRL,837445
202505,5/14/2025,KRL,1058474
202505,5/15/2025,KRL,1030414
202505,5/16/2025,KRL,1020877
202505,5/17/2025,KRL,746194
202505,5/18/2025,KRL,682559
202505,5/19/2025,KRL,1057035
202505,5/20/2025,KRL,1017723
202505,5/21/2025,KRL,1016729
202505,5/22/2025,KRL,1013121
202505,5/23/2025,KRL,1009549
202505,5/24/2025,KRL,797060
202505,5/25/2025,KRL,668855
202505,5/26/2025,KRL,1037748
202505,5/27/2025,KRL,1029027
202505,5/28/2025,KRL,1089030
202505,5/29/2025,KRL,687861
202505,5/30/2025,KRL,792058
202505,5/31/2025,KRL,802643
202505,5/1/2025,MRT,74644
202505,5/2/2025,MRT,140725
202505,5/3/2025,MRT,88079
202505,5/4/2025,MRT,85354
202505,5/5/2025,MRT,138797
202505,5/6/2025,MRT,146039
202505,5/7/2025,MRT,151330
202505,5/8/2025,MRT,146562
202505,5/9/2025,MRT,147762
202505,5/10/2025,MRT,77341
202505,5/11/2025,MRT,111574
202505,5/12/2025,MRT,83688
202505,5/13/2025,MRT,56054
202505,5/14/2025,MRT,143849
202505,5/15/2025,MRT,147575
202505,5/16/2025,MRT,147157
202505,5/17/2025,MRT,73414
202505,5/18/2025,MRT,87925
202505,5/19/2025,MRT,137195
202505,5/20/2025,MRT,141090
202505,5/21/2025,MRT,146830
202505,5/22/2025,MRT,145773
202505,5/23/2025,MRT,142474
202505,5/24/2025,MRT,80198
202505,5/25/2025,MRT,66952
202505,5/26/2025,MRT,138368
202505,5/27/2025,MRT,146462
202505,5/28/2025,MRT,172600
202505,5/29/2025,MRT,78085
202505,5/30/2025,MRT,99049
202505,5/31/2025,MRT,88712
202505,5/1/2025,LRT,3133
202505,5/2/2025,LRT,3317
202505,5/3/2025,LRT,3396
202505,5/4/2025,LRT,2989
202505,5/5/2025,LRT,3306
202505,5/6/2025,LRT,3496
202505,5/7/2025,LRT,3561
202505,5/8/2025,LRT,3463
202505,5/9/2025,LRT,3802
202505,5/10/2025,LRT,2975
202505,5/11/2025,LRT,3038
202505,5/12/2025,LRT,3571
202505,5/13/2025,LRT,3093
202505,5/14/2025,LRT,3480
202505,5/15/2025,LRT,3378
202505,5/16/2025,LRT,3292
202505,5/17/2025,LRT,2994
202505,5/18/2025,LRT,2811
202505,5/19/2025,LRT,3033
202505,5/20/2025,LRT,3431
202505,5/21/2025,LRT,3730
202505,5/22/2025,LRT,3245
202505,5/23/2025,LRT,3426
202505,5/24/2025,LRT,4608
202505,5/25/2025,LRT,2885
202505,5/26/2025,LRT,3269
202505,5/27/2025,LRT,3163
202505,5/28/2025,LRT,3880
202505,5/29/2025,LRT,2827
202505,5/30/2025,LRT,3443
202505,5/31/2025,LRT,3763
202505,5/1/2025,KCI COMMUTER BANDARA,4667
202505,5/2/2025,KCI COMMUTER BANDARA,6404
202505,5/3/2025,KCI COMMUTER BANDARA,4350
202505,5/4/2025,KCI COMMUTER BANDARA,4582
202505,5/5/2025,KCI COMMUTER BANDARA,6348
202505,5/6/2025,KCI COMMUTER BANDARA,6369
202505,5/7/2025,KCI COMMUTER BANDARA,6345
202505,5/8/2025,KCI COMMUTER BANDARA,6540
202505,5/9/2025,KCI COMMUTER BANDARA,7888
202505,5/10/2025,KCI COMMUTER BANDARA,5619
202505,5/11/2025,KCI COMMUTER BANDARA,4209
202505,5/12/2025,KCI COMMUTER BANDARA,4563
202505,5/13/2025,KCI COMMUTER BANDARA,5840
202505,5/14/2025,KCI COMMUTER BANDARA,6643
202505,5/15/2025,KCI COMMUTER BANDARA,5599
202505,5/16/2025,KCI COMMUTER BANDARA,6261
202505,5/17/2025,KCI COMMUTER BANDARA,4080
202505,5/18/2025,KCI COMMUTER BANDARA,4306
202505,5/19/2025,KCI COMMUTER BANDARA,6276
202505,5/20/2025,KCI COMMUTER BANDARA,6120
202505,5/21/2025,KCI COMMUTER BANDARA,6457
202505,5/22/2025,KCI COMMUTER BANDARA,6178
202505,5/23/2025,KCI COMMUTER BANDARA,6958
202505,5/24/2025,KCI COMMUTER BANDARA,4360
202505,5/25/2025,KCI COMMUTER BANDARA,4280
202505,5/26/2025,KCI COMMUTER BANDARA,6247
202505,5/27/2025,KCI COMMUTER BANDARA,6474
202505,5/28/2025,KCI COMMUTER BANDARA,8601
202505,5/29/2025,KCI COMMUTER BANDARA,5375
202505,5/30/2025,KCI COMMUTER BANDARA,4753
202505,5/31/2025,KCI COMMUTER BANDARA,4489
202505,5/1/2025,KAPAL,4305
202505,5/2/2025,KAPAL,2220
202505,5/3/2025,KAPAL,8024
202505,5/4/2025,KAPAL,7537
202505,5/5/2025,KAPAL,1957
202505,5/6/2025,KAPAL,2131
202505,5/7/2025,KAPAL,1691
202505,5/8/2025,KAPAL,1664
202505,5/9/2025,KAPAL,1846
202505,5/10/2025,KAPAL,10709
202505,5/11/2025,KAPAL,19535
202505,5/12/2025,KAPAL,15368
202505,5/13/2025,KAPAL,4764
202505,5/14/2025,KAPAL,2022
202505,5/15/2025,KAPAL,1943
202505,5/16/2025,KAPAL,1716
202505,5/17/2025,KAPAL,6181
202505,5/18/2025,KAPAL,6322
202505,5/19/2025,KAPAL,1591
202505,5/20/2025,KAPAL,1760
202505,5/21/2025,KAPAL,1872
202505,5/22/2025,KAPAL,1889
202505,5/23/2025,KAPAL,1740
202505,5/24/2025,KAPAL,7335
202505,5/25/2025,KAPAL,6415
202505,5/26/2025,KAPAL,1764
202505,5/27/2025,KAPAL,1751
202505,5/28/2025,KAPAL,1745
202505,5/29/2025,KAPAL,8230
202505,5/30/2025,KAPAL,7434
202505,5/31/2025,KAPAL,9740
202506,6/1/2025,TRANSJAKARTA,781030
202506,6/2/2025,TRANSJAKARTA,1297466
202506,6/3/2025,TRANSJAKARTA,1299714
202506,6/4/2025,TRANSJAKARTA,1316937
202506,6/5/2025,TRANSJAKARTA,1263430
202506,6/6/2025,TRANSJAKARTA,505003
202506,6/7/2025,TRANSJAKARTA,731983
202506,6/8/2025,TRANSJAKARTA,767169
202506,6/9/2025,TRANSJAKARTA,926983
202506,6/10/2025,TRANSJAKARTA,1296790
202506,6/11/2025,TRANSJAKARTA,1323518
202506,6/12/2025,TRANSJAKARTA,1280508
202506,6/13/2025,TRANSJAKARTA,1263063
202506,6/14/2025,TRANSJAKARTA,866557
202506,6/15/2025,TRANSJAKARTA,790917
202506,6/16/2025,TRANSJAKARTA,1284716
202506,6/17/2025,TRANSJAKARTA,1271174
202506,6/18/2025,TRANSJAKARTA,1275826
202506,6/19/2025,TRANSJAKARTA,1279735
202506,6/20/2025,TRANSJAKARTA,1248949
202506,6/21/2025,TRANSJAKARTA,868999
202506,6/22/2025,TRANSJAKARTA,1009942
202506,6/23/2025,TRANSJAKARTA,1252124
202506,6/24/2025,TRANSJAKARTA,1267032
202506,6/25/2025,TRANSJAKARTA,1288002
202506,6/26/2025,TRANSJAKARTA,1281621
202506,6/27/2025,TRANSJAKARTA,784332
202506,6/28/2025,TRANSJAKARTA,882204
202506,6/29/2025,TRANSJAKARTA,766618
202506,6/30/2025,TRANSJAKARTA,1213531
202506,6/1/2025,BUS SEKOLAH,876
202506,6/2/2025,BUS SEKOLAH,41870
202506,6/3/2025,BUS SEKOLAH,40588
202506,6/4/2025,BUS SEKOLAH,40489
202506,6/5/2025,BUS SEKOLAH,38313
202506,6/6/2025,BUS SEKOLAH,0
202506,6/7/2025,BUS SEKOLAH,1444
202506,6/8/2025,BUS SEKOLAH,1544
202506,6/9/2025,BUS SEKOLAH,1096
202506,6/10/2025,BUS SEKOLAH,40255
202506,6/11/2025,BUS SEKOLAH,39870
202506,6/12/2025,BUS SEKOLAH,39183
202506,6/13/2025,BUS SEKOLAH,38098
202506,6/14/2025,BUS SEKOLAH,2664
202506,6/15/2025,BUS SEKOLAH,3140
202506,6/16/2025,BUS SEKOLAH,38120
202506,6/17/2025,BUS SEKOLAH,37146
202506,6/18/2025,BUS SEKOLAH,3657
202506,6/19/2025,BUS SEKOLAH,34074
202506,6/20/2025,BUS SEKOLAH,29844
202506,6/21/2025,BUS SEKOLAH,6516
202506,6/22/2025,BUS SEKOLAH,2456
202506,6/23/2025,BUS SEKOLAH,26531
202506,6/24/2025,BUS SEKOLAH,24223
202506,6/25/2025,BUS SEKOLAH,17935
202506,6/26/2025,BUS SEKOLAH,2491
202506,6/27/2025,BUS SEKOLAH,3520
202506,6/28/2025,BUS SEKOLAH,1668
202506,6/29/2025,BUS SEKOLAH,2116
202506,6/30/2025,BUS SEKOLAH,1540
202506,6/1/2025,KRL,722412
202506,6/2/2025,KRL,1075045
202506,6/3/2025,KRL,1053193
202506,6/4/2025,KRL,1067430
202506,6/5/2025,KRL,1169415
202506,6/6/2025,KRL,555966
202506,6/7/2025,KRL,712623
202506,6/8/2025,KRL,762112
202506,6/9/2025,KRL,850232
202506,6/10/2025,KRL,1043095
202506,6/11/2025,KRL,1047220
202506,6/12/2025,KRL,1036671
202506,6/13/2025,KRL,1039858
202506,6/14/2025,KRL,798386
202506,6/15/2025,KRL,719806
202506,6/16/2025,KRL,1060536
202506,6/17/2025,KRL,1026962
202506,6/18/2025,KRL,1027158
202506,6/19/2025,KRL,1032939
202506,6/20/2025,KRL,1028020
202506,6/21/2025,KRL,791818
202506,6/22/2025,KRL,778736
202506,6/23/2025,KRL,1074412
202506,6/24/2025,KRL,1053035
202506,6/25/2025,KRL,1060624
202506,6/26/2025,KRL,1092713
202506,6/27/2025,KRL,737705
202506,6/28/2025,KRL,864732
202506,6/29/2025,KRL,796659
202504,4/9/2025,TRANSJAKARTA,1209922
202504,4/10/2025,TRANSJAKARTA,1206762
202504,4/11/2025,TRANSJAKARTA,1197542
202504,4/12/2025,TRANSJAKARTA,816855
202504,4/13/2025,TRANSJAKARTA,700777
202504,4/14/2025,TRANSJAKARTA,1251336
202504,4/15/2025,TRANSJAKARTA,1261057
202504,4/16/2025,TRANSJAKARTA,1257314
202504,4/17/2025,TRANSJAKARTA,1196936
202504,4/18/2025,TRANSJAKARTA,720829
202504,4/19/2025,TRANSJAKARTA,829009
202504,4/20/2025,TRANSJAKARTA,728273
202504,4/21/2025,TRANSJAKARTA,1324828
202504,4/22/2025,TRANSJAKARTA,1262474
202504,4/23/2025,TRANSJAKARTA,1274779
202504,4/24/2025,TRANSJAKARTA,1352612
202504,4/25/2025,TRANSJAKARTA,1260594
202504,4/26/2025,TRANSJAKARTA,908279
202504,4/27/2025,TRANSJAKARTA,814411
202504,4/28/2025,TRANSJAKARTA,1272755
202504,4/29/2025,TRANSJAKARTA,1223516
202504,4/30/2025,TRANSJAKARTA,1163918
202504,4/1/2025,BUS SEKOLAH,0
202504,4/2/2025,BUS SEKOLAH,0
202504,4/3/2025,BUS SEKOLAH,160
202504,4/4/2025,BUS SEKOLAH,0
202504,4/5/2025,BUS SEKOLAH,0
202504,4/6/2025,BUS SEKOLAH,0
202504,4/7/2025,BUS SEKOLAH,102
202504,4/8/2025,BUS SEKOLAH,518
202504,4/9/2025,BUS SEKOLAH,39784
202504,4/10/2025,BUS SEKOLAH,42438
202504,4/11/2025,BUS SEKOLAH,39782
202504,4/12/2025,BUS SEKOLAH,1650
202504,4/13/2025,BUS SEKOLAH,1581
202504,4/14/2025,BUS SEKOLAH,40568
202504,4/15/2025,BUS SEKOLAH,41403
202504,4/16/2025,BUS SEKOLAH,41026
202504,4/17/2025,BUS SEKOLAH,38943
202504,4/18/2025,BUS SEKOLAH,1344
202504,4/19/2025,BUS SEKOLAH,1476
202504,4/20/2025,BUS SEKOLAH,1836
202504,4/21/2025,BUS SEKOLAH,41664
202504,4/22/2025,BUS SEKOLAH,42676
202504,4/23/2025,BUS SEKOLAH,38017
202504,4/24/2025,BUS SEKOLAH,38341
202504,4/25/2025,BUS SEKOLAH,36138
202504,4/26/2025,BUS SEKOLAH,3543
202504,4/27/2025,BUS SEKOLAH,1521
202504,4/28/2025,BUS SEKOLAH,39928
202504,4/29/2025,BUS SEKOLAH,44090
202504,4/30/2025,BUS SEKOLAH,42863
202504,4/1/2025,KRL,798618
202504,4/2/2025,KRL,822117
202504,4/3/2025,KRL,818483
202504,4/4/2025,KRL,722482
202504,4/5/2025,KRL,782856
202504,4/6/2025,KRL,767573
202504,4/7/2025,KRL,867635
202504,4/8/2025,KRL,1049101
202504,4/9/2025,KRL,1027248
202504,4/10/2025,KRL,1014501
202504,4/11/2025,KRL,1004099
202504,4/12/2025,KRL,815092
202504,4/13/2025,KRL,714263
202504,4/14/2025,KRL,1056613
202504,4/15/2025,KRL,1025339
202504,4/16/2025,KRL,1025828
202504,4/17/2025,KRL,1065754
202504,4/18/2025,KRL,686206
202504,4/19/2025,KRL,807946
202504,4/20/2025,KRL,719874
202504,4/21/2025,KRL,1053507
202504,4/22/2025,KRL,1017734
202504,4/23/2025,KRL,1019905
202504,4/24/2025,KRL,1018811
202504,4/25/2025,KRL,1026671
202504,4/26/2025,KRL,836155
202504,4/27/2025,KRL,769464
202504,4/28/2025,KRL,1066973
202504,4/29/2025,KRL,1045702
202504,4/30/2025,KRL,1105533
202504,4/1/2025,MRT,47176
202504,4/2/2025,MRT,64173
202504,4/3/2025,MRT,75840
202504,4/4/2025,MRT,71352
202504,4/5/2025,MRT,60819
202504,4/6/2025,MRT,54527
202504,4/7/2025,MRT,80827
202504,4/8/2025,MRT,126287
202504,4/9/2025,MRT,129883
202504,4/10/2025,MRT,132955
202504,4/11/2025,MRT,136075
202504,4/12/2025,MRT,78878
202504,4/13/2025,MRT,63714
202504,4/14/2025,MRT,134027
202504,4/15/2025,MRT,140368
202504,4/16/2025,MRT,144535
202504,4/17/2025,MRT,145278
202504,4/18/2025,MRT,66211
202504,4/19/2025,MRT,76903
202504,4/20/2025,MRT,68856
202504,4/21/2025,MRT,151870
202504,4/22/2025,MRT,139252
202504,4/23/2025,MRT,142549
202504,4/24/2025,MRT,170581
202504,4/25/2025,MRT,147840
202504,4/26/2025,MRT,82418
202504,4/27/2025,MRT,82977
202504,4/28/2025,MRT,136913
202504,4/29/2025,MRT,145778
202504,4/30/2025,MRT,159592
202504,4/1/2025,LRT,1913
202504,4/2/2025,LRT,2056
202504,4/3/2025,LRT,2751
202504,4/4/2025,LRT,2805
202504,4/5/2025,LRT,2423
202504,4/6/2025,LRT,1935
202504,4/7/2025,LRT,2981
202504,4/8/2025,LRT,2966
202504,4/9/2025,LRT,2923
202504,4/10/2025,LRT,3162
202504,4/11/2025,LRT,3255
202504,4/12/2025,LRT,3910
202504,4/13/2025,LRT,2507
202504,4/14/2025,LRT,3302
202504,4/15/2025,LRT,3472
202504,4/16/2025,LRT,3078
202504,4/17/2025,LRT,3582
202507,7/1/2025,TRANSJAKARTA,1416595
202507,7/2/2025,TRANSJAKARTA,1298006
202507,7/3/2025,TRANSJAKARTA,1289299
202507,7/4/2025,TRANSJAKARTA,1258230
202507,7/5/2025,TRANSJAKARTA,988762
202507,7/6/2025,TRANSJAKARTA,829235
202507,7/7/2025,TRANSJAKARTA,1259410
202507,7/8/2025,TRANSJAKARTA,1293517
202507,7/9/2025,TRANSJAKARTA,1324518
202507,7/10/2025,TRANSJAKARTA,1316813
202507,7/11/2025,TRANSJAKARTA,1296217
202507,7/12/2025,TRANSJAKARTA,989079
202507,7/13/2025,TRANSJAKARTA,846737
202507,7/14/2025,TRANSJAKARTA,1322426
202507,7/15/2025,TRANSJAKARTA,1337231
202507,7/16/2025,TRANSJAKARTA,1358982
202507,7/17/2025,TRANSJAKARTA,1337752
202507,7/18/2025,TRANSJAKARTA,1331865
202507,7/19/2025,TRANSJAKARTA,919038
202507,7/20/2025,TRANSJAKARTA,812705
202507,7/21/2025,TRANSJAKARTA,1332870
202507,7/22/2025,TRANSJAKARTA,1342881
202507,7/23/2025,TRANSJAKARTA,1356520
202507,7/24/2025,TRANSJAKARTA,1318811
202507,7/25/2025,TRANSJAKARTA,1324267
202507,7/26/2025,TRANSJAKARTA,942375
202507,7/27/2025,TRANSJAKARTA,809637
202507,7/28/2025,TRANSJAKARTA,1312609
202507,7/29/2025,TRANSJAKARTA,1348315
202507,7/30/2025,TRANSJAKARTA,1366294
202507,7/31/2025,TRANSJAKARTA,1331952
202507,7/1/2025,BUS SEKOLAH,2008
202507,7/2/2025,BUS SEKOLAH,1532
202507,7/3/2025,BUS SEKOLAH,1700
202507,7/4/2025,BUS SEKOLAH,2408
202507,7/5/2025,BUS SEKOLAH,1908
202507,7/6/2025,BUS SEKOLAH,4376
202507,7/7/2025,BUS SEKOLAH,720
202507,7/8/2025,BUS SEKOLAH,812
202507,7/9/2025,BUS SEKOLAH,1096
202507,7/10/2025,BUS SEKOLAH,808
202507,7/11/2025,BUS SEKOLAH,272
202507,7/12/2025,BUS SEKOLAH,1264
202507,7/13/2025,BUS SEKOLAH,164
202507,7/14/2025,BUS SEKOLAH,38728
202507,7/15/2025,BUS SEKOLAH,40184
202507,7/16/2025,BUS SEKOLAH,41617
202507,7/17/2025,BUS SEKOLAH,42225
202507,7/18/2025,BUS SEKOLAH,40638
202507,7/19/2025,BUS SEKOLAH,3100
202507,7/20/2025,BUS SEKOLAH,504
202507,7/21/2025,BUS SEKOLAH,43393
202507,7/22/2025,BUS SEKOLAH,43067
202507,7/23/2025,BUS SEKOLAH,44652
202507,7/24/2025,BUS SEKOLAH,43570
202507,7/25/2025,BUS SEKOLAH,40823
202507,7/26/2025,BUS SEKOLAH,2940
202507,7/27/2025,BUS SEKOLAH,4272
202507,7/28/2025,BUS SEKOLAH,43331
202507,7/29/2025,BUS SEKOLAH,42817
202507,7/30/2025,BUS SEKOLAH,44555
202507,7/31/2025,BUS SEKOLAH,41784
202507,7/13/2025,KAPAL,7024
202507,7/14/2025,KAPAL,2073
202507,7/15/2025,KAPAL,1738
202507,7/16/2025,KAPAL,1434
202507,7/17/2025,KAPAL,1814
202507,7/18/2025,KAPAL,1913
202507,7/19/2025,KAPAL,5334
202507,7/20/2025,KAPAL,5449
202507,7/21/2025,KAPAL,1401
202507,7/22/2025,KAPAL,1206
202507,7/23/2025,KAPAL,1325
202507,7/24/2025,KAPAL,1427
202507,7/25/2025,KAPAL,1683
202507,7/26/2025,KAPAL,6442
202507,7/27/2025,KAPAL,5712
202507,7/28/2025,KAPAL,1603
202507,7/29/2025,KAPAL,921
202507,7/30/2025,KAPAL,1130
202507,7/31/2025,KAPAL,1074
202508,8/1/2025,TRANSJAKARTA,1367981
202508,8/2/2025,TRANSJAKARTA,994462
202508,8/3/2025,TRANSJAKARTA,849488
202508,8/4/2025,TRANSJAKARTA,1316166
202508,8/5/2025,TRANSJAKARTA,1361682
202508,8/6/2025,TRANSJAKARTA,1402109
202508,8/7/2025,TRANSJAKARTA,1373626
202508,8/8/2025,TRANSJAKARTA,1272143
202508,8/9/2025,TRANSJAKARTA,965186
202508,8/10/2025,TRANSJAKARTA,845492
202508,8/11/2025,TRANSJAKARTA,1329833
202508,8/12/2025,TRANSJAKARTA,1323698
202508,8/13/2025,TRANSJAKARTA,1381103
202508,8/14/2025,TRANSJAKARTA,1349117
202508,8/15/2025,TRANSJAKARTA,1346983
202508,8/16/2025,TRANSJAKARTA,923067
202508,8/17/2025,TRANSJAKARTA,922212
202508,8/18/2025,TRANSJAKARTA,982831
202508,8/19/2025,TRANSJAKARTA,1320015
202508,8/20/2025,TRANSJAKARTA,1377134
202508,8/21/2025,TRANSJAKARTA,1356275
202508,8/22/2025,TRANSJAKARTA,1359748
202508,8/23/2025,TRANSJAKARTA,936733
202508,8/24/2025,TRANSJAKARTA,797218
202508,8/25/2025,TRANSJAKARTA,1304571
202508,8/26/2025,TRANSJAKARTA,1357960
202508,8/27/2025,TRANSJAKARTA,1394257
202508,8/28/2025,TRANSJAKARTA,1217522
202508,8/29/2025,TRANSJAKARTA,1105518
202508,8/30/2025,TRANSJAKARTA,168229
202508,8/31/2025,TRANSJAKARTA,422696
202508,8/1/2025,BUS SEKOLAH,41175
202508,8/2/2025,BUS SEKOLAH,1644
202508,8/3/2025,BUS SEKOLAH,2256
202508,8/4/2025,BUS SEKOLAH,44198
202508,8/5/2025,BUS SEKOLAH,43109
202508,8/6/2025,BUS SEKOLAH,43490
202508,8/7/2025,BUS SEKOLAH,45149
202508,8/8/2025,BUS SEKOLAH,40917
202508,8/9/2025,BUS SEKOLAH,4644
202508,8/10/2025,BUS SEKOLAH,2824
202508,8/11/2025,BUS SEKOLAH,42542
202508,8/12/2025,BUS SEKOLAH,42020
202508,8/13/2025,BUS SEKOLAH,41805
202508,8/14/2025,BUS SEKOLAH,42071
202508,8/15/2025,BUS SEKOLAH,39207
202508,8/16/2025,BUS SEKOLAH,2384
202508,8/17/2025,BUS SEKOLAH,7108
202508,8/18/2025,BUS SEKOLAH,1260
202508,8/19/2025,BUS SEKOLAH,41563
202508,8/20/2025,BUS SEKOLAH,40749
202508,8/21/2025,BUS SEKOLAH,40670
202508,8/22/2025,BUS SEKOLAH,40449
202508,8/23/2025,BUS SEKOLAH,1852
202508,8/24/2025,BUS SEKOLAH,1392
202508,8/25/2025,BUS SEKOLAH,41165
202508,8/26/2025,BUS SEKOLAH,39781
202508,8/27/2025,BUS SEKOLAH,37045
202508,8/28/2025,BUS SEKOLAH,32537
202508,8/29/2025,BUS SEKOLAH,9735
202508,8/30/2025,BUS SEKOLAH,884
202508,8/31/2025,BUS SEKOLAH,0
202508,8/1/2025,KRL,1061071
202508,8/2/2025,KRL,898867
202508,8/3/2025,KRL,782186
202508,8/4/2025,KRL,1062012
202508,8/5/2025,KRL,1031674
202508,8/6/2025,KRL,1044730
202508,8/7/2025,KRL,1035081
202508,8/8/2025,KRL,1041594
202508,8/9/2025,KRL,843790
202508,8/10/2025,KRL,752313
202508,8/11/2025,KRL,1053063
202508,8/12/2025,KRL,1013383
202508,8/13/2025,KRL,1043350
202508,8/14/2025,KRL,1031773
202508,8/15/2025,KRL,1057003
202508,8/16/2025,KRL,811656
202508,8/17/2025,KRL,828899
202508,8/18/2025,KRL,843757
202508,8/19/2025,KRL,1007864
202508,8/20/2025,KRL,1036665
202508,8/21/2025,KRL,1031283
202508,8/22/2025,KRL,1041093
202508,8/23/2025,KRL,780301
202508,8/24/2025,KRL,665572
202508,8/25/2025,KRL,1061996
202508,8/26/2025,KRL,1029099
202508,8/27/2025,KRL,1039279
202508,8/28/2025,KRL,930153
202508,8/29/2025,KRL,948211
202508,8/30/2025,KRL,637907
202508,8/31/2025,KRL,501099
202508,8/1/2025,MRT,161875
202508,8/2/2025,MRT,110142
202508,8/3/2025,MRT,78412
202508,8/4/2025,MRT,145202
202508,8/5/2025,MRT,155201
202508,8/6/2025,MRT,157648
202508,8/7/2025,MRT,157849
202508,8/8/2025,MRT,157252
202508,8/9/2025,MRT,97082
202508,8/10/2025,MRT,87304
202508,8/11/2025,MRT,148782
202508,8/12/2025,MRT,157620
202508,8/13/2025,MRT,155412
202508,8/14/2025,MRT,152724
202508,8/15/2025,MRT,160763
202508,8/16/2025,MRT,72956
202507,7/10/2025,MRT,162275
202507,7/11/2025,MRT,160649
202507,7/12/2025,MRT,96726
202507,7/13/2025,MRT,85327
202507,7/14/2025,MRT,143369
202507,7/15/2025,MRT,153855
202507,7/16/2025,MRT,157198
202507,7/17/2025,MRT,152972
202507,7/18/2025,MRT,155724
202507,7/19/2025,MRT,87125
202507,7/20/2025,MRT,84778
202507,7/21/2025,MRT,147963
202507,7/22/2025,MRT,151967
202507,7/23/2025,MRT,155015
202507,7/24/2025,MRT,148605
202507,7/25/2025,MRT,161317
202507,7/26/2025,MRT,99461
202507,7/27/2025,MRT,87787
202507,7/28/2025,MRT,144275
202507,7/29/2025,MRT,161595
202507,7/30/2025,MRT,155189
202507,7/31/2025,MRT,155784
202507,7/1/2025,LRT,8326
202507,7/2/2025,LRT,3977
202507,7/3/2025,LRT,3835
202507,7/4/2025,LRT,3861
202507,7/1/2025,KRL,1192018
202507,7/2/2025,KRL,1153045
202507,7/3/2025,KRL,1148189
202507,7/4/2025,KRL,1119458
202507,7/5/2025,KRL,975270
202507,7/6/2025,KRL,899867
202507,7/7/2025,KRL,1155942
202507,7/8/2025,KRL,1139255
202507,7/9/2025,KRL,1144454
202507,7/10/2025,KRL,1129419
202507,7/11/2025,KRL,1109307
202507,7/12/2025,KRL,926541
202507,7/13/2025,KRL,788659
202507,7/14/2025,KRL,1048401
202507,7/15/2025,KRL,1036732
202507,7/16/2025,KRL,1039979
202507,7/17/2025,KRL,1024816
202507,7/18/2025,KRL,1032949
202507,7/19/2025,KRL,806565
202507,7/20/2025,KRL,698472
202507,7/21/2025,KRL,1052895
202507,7/22/2025,KRL,1023566
202507,7/23/2025,KRL,1027110
202507,7/24/2025,KRL,1013107
202507,7/25/2025,KRL,1032644
202507,7/26/2025,KRL,829233
202507,7/27/2025,KRL,721698
202507,7/28/2025,KRL,1045170
202507,7/29/2025,KRL,1033243
202507,7/30/2025,KRL,1028501
202507,7/31/2025,KRL,1023979
202507,7/1/2025,MRT,177911
202507,7/2/2025,MRT,155090
202507,7/3/2025,MRT,161330
202507,7/4/2025,MRT,162371
202507,7/5/2025,MRT,105366
202507,7/6/2025,MRT,106381
202507,7/7/2025,MRT,152314
202507,7/8/2025,MRT,159580
202507,7/9/2025,MRT,165126
202506,6/30/2025,KRL,1125454
202506,6/1/2025,MRT,80455
202506,6/2/2025,MRT,138578
202506,6/3/2025,MRT,149707
202506,6/4/2025,MRT,146529
202506,6/5/2025,MRT,148393
202506,6/6/2025,MRT,59599
202506,6/7/2025,MRT,74045
202506,6/8/2025,MRT,88467
202506,6/9/2025,MRT,85186
202506,6/10/2025,MRT,146186
202506,6/11/2025,MRT,133632
202506,6/12/2025,MRT,148442
202506,6/13/2025,MRT,151032
202506,6/14/2025,MRT,86765
202506,6/15/2025,MRT,87527
202506,6/16/2025,MRT,140762
202506,6/17/2025,MRT,145200
202506,6/18/2025,MRT,149347
202506,6/19/2025,MRT,140257
202506,6/20/2025,MRT,139869
202506,6/21/2025,MRT,80830
202506,6/22/2025,MRT,146238
202506,6/23/2025,MRT,105163
202506,6/24/2025,MRT,135609
202506,6/25/2025,MRT,154508
202506,6/26/2025,MRT,144527
202506,6/27/2025,MRT,70102
202506,6/28/2025,MRT,91802
202506,6/29/2025,MRT,97106
202506,6/30/2025,MRT,142728
202506,6/1/2025,LRT,2764
202506,6/2/2025,LRT,3211
202506,6/3/2025,LRT,3255
202506,6/4/2025,LRT,3670
202506,6/5/2025,LRT,3711
202506,6/6/2025,LRT,2555
202506,6/7/2025,LRT,3448
202506,6/8/2025,LRT,2699
202506,6/9/2025,LRT,3092
202506,6/10/2025,LRT,3210
202506,6/11/2025,LRT,3411
202506,6/12/2025,LRT,3487
202506,6/13/2025,LRT,3635
202506,6/14/2025,LRT,3625
202506,6/15/2025,LRT,2942
202506,6/16/2025,LRT,3159
202506,6/17/2025,LRT,3448
202506,6/18/2025,LRT,3419
202506,6/19/2025,LRT,3317
202506,6/20/2025,LRT,3414
202506,6/21/2025,LRT,3052
202506,6/22/2025,LRT,8345
202506,6/23/2025,LRT,3223
202506,6/24/2025,LRT,3501
202506,6/25/2025,LRT,3623
202506,6/26/2025,LRT,3517
202506,6/27/2025,LRT,2630
202506,6/28/2025,LRT,3170
202506,6/29/2025,LRT,2810
202506,6/30/2025,LRT,3434
202506,6/1/2025,KCI COMMUTER BANDARA,5124
202506,6/2/2025,KCI COMMUTER BANDARA,6195
202506,6/3/2025,KCI COMMUTER BANDARA,6175
202506,6/4/2025,KCI COMMUTER BANDARA,7109
202506,6/5/2025,KCI COMMUTER BANDARA,9428
202506,6/6/2025,KCI COMMUTER BANDARA,4189
202506,6/7/2025,KCI COMMUTER BANDARA,3621
202506,6/8/2025,KCI COMMUTER BANDARA,4389
202506,6/9/2025,KCI COMMUTER BANDARA,6012
202506,6/10/2025,KCI COMMUTER BANDARA,6712
202506,6/11/2025,KCI COMMUTER BANDARA,6457
202506,6/12/2025,KCI COMMUTER BANDARA,6328
202506,6/13/2025,KCI COMMUTER BANDARA,6685
202506,6/14/2025,KCI COMMUTER BANDARA,4151
202506,6/15/2025,KCI COMMUTER BANDARA,4571
202506,6/16/2025,KCI COMMUTER BANDARA,6358
202506,6/17/2025,KCI COMMUTER BANDARA,6252
202506,6/18/2025,KCI COMMUTER BANDARA,6103
202506,6/19/2025,KCI COMMUTER BANDARA,6206
202506,6/20/2025,KCI COMMUTER BANDARA,6995
202506,6/21/2025,KCI COMMUTER BANDARA,4362
202506,6/22/2025,KCI COMMUTER BANDARA,4588
202506,6/23/2025,KCI COMMUTER BANDARA,6287
202506,6/24/2025,KCI COMMUTER BANDARA,6384
202506,6/25/2025,KCI COMMUTER BANDARA,6877
202506,6/26/2025,KCI COMMUTER BANDARA,8463
202506,6/27/2025,KCI COMMUTER BANDARA,5614
202506,6/28/2025,KCI COMMUTER BANDARA,4622
202506,6/29/2025,KCI COMMUTER BANDARA,5668
202506,6/30/2025,KCI COMMUTER BANDARA,7425
202506,6/1/2025,KAPAL,7192
202506,6/2/2025,KAPAL,2150
202506,6/3/2025,KAPAL,1996
202506,6/4/2025,KAPAL,1731
202506,6/5/2025,KAPAL,2014
202506,6/6/2025,KAPAL,3522
202506,6/7/2025,KAPAL,8341
202506,6/8/2025,KAPAL,7931
202506,6/9/2025,KAPAL,2486
202506,6/10/2025,KAPAL,1495
202506,6/11/2025,KAPAL,1870
202506,6/12/2025,KAPAL,2012
202506,6/13/2025,KAPAL,1891
202506,6/14/2025,KAPAL,5050
202506,6/15/2025,KAPAL,4610
202506,6/16/2025,KAPAL,1879
202506,6/17/2025,KAPAL,1822
202506,6/18/2025,KAPAL,1821
202506,6/19/2025,KAPAL,1791
202506,6/20/2025,KAPAL,2230
202506,6/21/2025,KAPAL,6256
202506,6/22/2025,KAPAL,5757
202506,6/23/2025,KAPAL,2890
202506,6/24/2025,KAPAL,2533
202506,6/25/2025,KAPAL,3404
202506,6/26/2025,KAPAL,3225
202506,6/27/2025,KAPAL,10665
202506,6/28/2025,KAPAL,14637
202506,6/29/2025,KAPAL,10651
202506,6/30/2025,KAPAL,2896
202507,7/5/2025,LRT,4145
202507,7/6/2025,LRT,2807
202507,7/7/2025,LRT,3661
202507,7/8/2025,LRT,3600
202507,7/9/2025,LRT,3841
202507,7/10/2025,LRT,4270
202507,7/11/2025,LRT,3934
202507,7/12/2025,LRT,4072
202507,7/13/2025,LRT,3330
202507,7/14/2025,LRT,3372
202507,7/15/2025,LRT,3623
202507,7/16/2025,LRT,3608
202507,7/17/2025,LRT,3402
202507,7/18/2025,LRT,3674
202507,7/19/2025,LRT,3481
202507,7/20/2025,LRT,3016
202507,7/21/2025,LRT,3284
202507,7/22/2025,LRT,3264
202507,7/23/2025,LRT,4469
202507,7/24/2025,LRT,3583
202507,7/25/2025,LRT,3795
202507,7/26/2025,LRT,4299
202507,7/27/2025,LRT,3162
202507,7/28/2025,LRT,3273
202507,7/29/2025,LRT,3649
202507,7/30/2025,LRT,3823
202507,7/31/2025,LRT,3577
202507,7/1/2025,KCI COMMUTER BANDARA,7347
202507,7/2/2025,KCI COMMUTER BANDARA,7313
202507,7/3/2025,KCI COMMUTER BANDARA,6931
202507,7/4/2025,KCI COMMUTER BANDARA,7266
202507,7/5/2025,KCI COMMUTER BANDARA,5132
202507,7/6/2025,KCI COMMUTER BANDARA,5335
202507,7/7/2025,KCI COMMUTER BANDARA,7133
202507,7/8/2025,KCI COMMUTER BANDARA,7091
202507,7/9/2025,KCI COMMUTER BANDARA,7213
202507,7/10/2025,KCI COMMUTER BANDARA,7109
202507,7/11/2025,KCI COMMUTER BANDARA,7667
202507,7/12/2025,KCI COMMUTER BANDARA,5119
202507,7/13/2025,KCI COMMUTER BANDARA,5042
202507,7/14/2025,KCI COMMUTER BANDARA,6751
202507,7/15/2025,KCI COMMUTER BANDARA,6882
202507,7/16/2025,KCI COMMUTER BANDARA,6813
202507,7/17/2025,KCI COMMUTER BANDARA,7041
202507,7/18/2025,KCI COMMUTER BANDARA,7518
202507,7/19/2025,KCI COMMUTER BANDARA,4929
202507,7/20/2025,KCI COMMUTER BANDARA,4958
202507,7/21/2025,KCI COMMUTER BANDARA,6672
202507,7/22/2025,KCI COMMUTER BANDARA,6755
202507,7/23/2025,KCI COMMUTER BANDARA,6967
202507,7/24/2025,KCI COMMUTER BANDARA,7217
202507,7/25/2025,KCI COMMUTER BANDARA,7797
202507,7/26/2025,KCI COMMUTER BANDARA,5168
202507,7/27/2025,KCI COMMUTER BANDARA,5139
202507,7/28/2025,KCI COMMUTER BANDARA,7026
202507,7/29/2025,KCI COMMUTER BANDARA,7005
202507,7/30/2025,KCI COMMUTER BANDARA,7143
202507,7/31/2025,KCI COMMUTER BANDARA,7392
202507,7/1/2025,KAPAL,3075
202507,7/2/2025,KAPAL,4064
202507,7/3/2025,KAPAL,4016
202507,7/4/2025,KAPAL,3555
202507,7/5/2025,KAPAL,9545
202507,7/6/2025,KAPAL,9739
202507,7/7/2025,KAPAL,3965
202507,7/8/2025,KAPAL,3773
202507,7/9/2025,KAPAL,3663
202507,7/10/2025,KAPAL,3013
202507,7/11/2025,KAPAL,3043
202507,7/12/2025,KAPAL,7770
202510,10/6/2025,LRT,3459
202510,10/7/2025,LRT,3559
202510,10/8/2025,LRT,3907
202510,10/9/2025,LRT,3691
202510,10/10/2025,LRT,3725
202510,10/11/2025,LRT,4026
202510,10/12/2025,LRT,2996
202510,10/13/2025,LRT,3255
202510,10/14/2025,LRT,3569
202510,10/15/2025,LRT,3887
202510,10/16/2025,LRT,3603
202510,10/17/2025,LRT,3539
202510,10/18/2025,LRT,3823
202510,10/19/2025,LRT,3019
202510,10/20/2025,LRT,3256
202510,10/21/2025,LRT,3452
202510,10/22/2025,LRT,3970
202510,10/23/2025,LRT,3420
202510,10/24/2025,LRT,3659
202510,10/25/2025,LRT,3573
202510,10/26/2025,LRT,2975
202510,10/27/2025,LRT,3255
202510,10/28/2025,LRT,3081
202510,10/29/2025,LRT,3421
202510,10/30/2025,LRT,3790
202510,10/31/2025,LRT,3536
202510,10/1/2025,KCI COMMUTER BANDARA,7646
202510,10/2/2025,KCI COMMUTER BANDARA,7648
202510,10/3/2025,KCI COMMUTER BANDARA,8053
202510,10/4/2025,KCI COMMUTER BANDARA,5692
202510,10/5/2025,KCI COMMUTER BANDARA,5827
202510,10/6/2025,KCI COMMUTER BANDARA,7332
202510,10/7/2025,KCI COMMUTER BANDARA,6986
202510,10/8/2025,KCI COMMUTER BANDARA,7357
202510,10/9/2025,KCI COMMUTER BANDARA,6866
202510,10/10/2025,KCI COMMUTER BANDARA,7554
202510,10/11/2025,KCI COMMUTER BANDARA,5429
202510,10/12/2025,KCI COMMUTER BANDARA,5553
202510,10/13/2025,KCI COMMUTER BANDARA,7353
202510,10/14/2025,KCI COMMUTER BANDARA,7299
202510,10/15/2025,KCI COMMUTER BANDARA,7138
202510,10/16/2025,KCI COMMUTER BANDARA,7311
202510,10/17/2025,KCI COMMUTER BANDARA,8247
202510,10/18/2025,KCI COMMUTER BANDARA,5069
202510,10/19/2025,KCI COMMUTER BANDARA,5232
202510,10/20/2025,KCI COMMUTER BANDARA,7382
202510,10/21/2025,KCI COMMUTER BANDARA,6907
202510,10/22/2025,KCI COMMUTER BANDARA,7664
202510,10/23/2025,KCI COMMUTER BANDARA,7211
202510,10/24/2025,KCI COMMUTER BANDARA,8810
202510,10/25/2025,KCI COMMUTER BANDARA,5234
202510,10/26/2025,KCI COMMUTER BANDARA,5438
202510,10/27/2025,KCI COMMUTER BANDARA,7567
202510,10/28/2025,KCI COMMUTER BANDARA,7112
202510,10/29/2025,KCI COMMUTER BANDARA,7769
202510,10/30/2025,KCI COMMUTER BANDARA,7854
202510,10/31/2025,KCI COMMUTER BANDARA,11262
202510,10/1/2025,KAPAL,1360
202510,10/2/2025,KAPAL,1978
202510,10/3/2025,KAPAL,2225
202510,10/4/2025,KAPAL,6383
202510,10/5/2025,KAPAL,6208
202509,9/1/2025,TRANSJAKARTA,850464
202509,9/2/2025,TRANSJAKARTA,1097490
202509,9/3/2025,TRANSJAKARTA,1298168
202509,9/4/2025,TRANSJAKARTA,1318796
202509,9/5/2025,TRANSJAKARTA,760386
202509,9/6/2025,TRANSJAKARTA,839998
202509,9/7/2025,TRANSJAKARTA,793142
202509,9/8/2025,TRANSJAKARTA,1378775
202509,9/9/2025,TRANSJAKARTA,1356493
202509,9/10/2025,TRANSJAKARTA,1424312
202509,9/11/2025,TRANSJAKARTA,1387225
202509,9/12/2025,TRANSJAKARTA,1365515
202509,9/13/2025,TRANSJAKARTA,971558
202509,9/14/2025,TRANSJAKARTA,835331
202509,9/15/2025,TRANSJAKARTA,1416593
202509,9/16/2025,TRANSJAKARTA,1401034
202509,9/17/2025,TRANSJAKARTA,1475750
202509,9/18/2025,TRANSJAKARTA,1419622
202509,9/19/2025,TRANSJAKARTA,1478815
202509,9/20/2025,TRANSJAKARTA,955230
202509,9/21/2025,TRANSJAKARTA,857399
202509,9/22/2025,TRANSJAKARTA,1415316
202509,9/23/2025,TRANSJAKARTA,1431649
202509,9/24/2025,TRANSJAKARTA,1420113
202509,9/25/2025,TRANSJAKARTA,1413253
202509,9/26/2025,TRANSJAKARTA,1404193
202509,9/27/2025,TRANSJAKARTA,1002597
202509,9/28/2025,TRANSJAKARTA,870194
202509,9/29/2025,TRANSJAKARTA,1389216
202509,9/30/2025,TRANSJAKARTA,1409221
202509,9/1/2025,BUS SEKOLAH,0
202509,9/2/2025,BUS SEKOLAH,12293
202509,9/3/2025,BUS SEKOLAH,34848
202509,9/4/2025,BUS SEKOLAH,36563
202509,9/5/2025,BUS SEKOLAH,1396
202509,9/6/2025,BUS SEKOLAH,1368
202509,9/7/2025,BUS SEKOLAH,2708
202509,9/8/2025,BUS SEKOLAH,42368
202509,9/9/2025,BUS SEKOLAH,40809
202509,9/10/2025,BUS SEKOLAH,39792
202509,9/11/2025,BUS SEKOLAH,41864
202509,9/12/2025,BUS SEKOLAH,39232
202509,9/13/2025,BUS SEKOLAH,3104
202509,9/14/2025,BUS SEKOLAH,4136
202509,9/15/2025,BUS SEKOLAH,42912
202509,9/16/2025,BUS SEKOLAH,43146
202509,9/17/2025,BUS SEKOLAH,43306
202509,9/18/2025,BUS SEKOLAH,41955
202509,9/19/2025,BUS SEKOLAH,40862
202509,9/20/2025,BUS SEKOLAH,3520
202509,9/21/2025,BUS SEKOLAH,2456
202509,9/22/2025,BUS SEKOLAH,44180
202509,9/23/2025,BUS SEKOLAH,43780
202509,9/24/2025,BUS SEKOLAH,43084
202509,9/25/2025,BUS SEKOLAH,43323
202509,9/26/2025,BUS SEKOLAH,38926
202509,9/27/2025,BUS SEKOLAH,8356
202509,9/28/2025,BUS SEKOLAH,2436
202509,9/29/2025,BUS SEKOLAH,43545
202509,9/30/2025,BUS SEKOLAH,41894
202509,9/1/2025,KRL,666885
202509,9/2/2025,KRL,813466
202508,8/17/2025,MRT,148294
202508,8/18/2025,MRT,116713
202508,8/19/2025,MRT,149563
202508,8/20/2025,MRT,160763
202508,8/21/2025,MRT,152903
202508,8/22/2025,MRT,154448
202508,8/23/2025,MRT,80238
202508,8/24/2025,MRT,80255
202508,8/25/2025,MRT,165812
202508,8/26/2025,MRT,161558
202508,8/27/2025,MRT,154167
202508,8/28/2025,MRT,131767
202508,8/29/2025,MRT,117896
202508,8/30/2025,MRT,23460
202508,8/31/2025,MRT,31911
202508,8/1/2025,LRT,3727
202508,8/2/2025,LRT,4076
202508,8/3/2025,LRT,3261
202508,8/4/2025,LRT,3386
202508,8/5/2025,LRT,3641
202508,8/6/2025,LRT,3752
202508,8/7/2025,LRT,3525
202508,8/8/2025,LRT,3586
202508,8/9/2025,LRT,4092
202508,8/10/2025,LRT,3183
202508,8/11/2025,LRT,3366
202508,8/12/2025,LRT,3493
202508,8/13/2025,LRT,3828
202508,8/14/2025,LRT,3578
202508,8/15/2025,LRT,4101
202508,8/16/2025,LRT,3784
202508,8/17/2025,LRT,7257
202508,8/18/2025,LRT,6349
202508,8/19/2025,LRT,3774
202508,8/20/2025,LRT,3478
202508,8/21/2025,LRT,3647
202508,8/22/2025,LRT,3708
202508,8/23/2025,LRT,3914
202508,8/24/2025,LRT,3317
202508,8/25/2025,LRT,3152
202508,8/26/2025,LRT,3557
202508,8/27/2025,LRT,3702
202508,8/28/2025,LRT,3412
202508,8/29/2025,LRT,3201
202508,8/30/2025,LRT,2406
202508,8/31/2025,LRT,2091
202508,8/1/2025,KCI COMMUTER BANDARA,7732
202508,8/2/2025,KCI COMMUTER BANDARA,5355
202508,8/3/2025,KCI COMMUTER BANDARA,5433
202508,8/4/2025,KCI COMMUTER BANDARA,7066
202508,8/5/2025,KCI COMMUTER BANDARA,6857
202508,8/6/2025,KCI COMMUTER BANDARA,7252
202508,8/7/2025,KCI COMMUTER BANDARA,7121
202508,8/8/2025,KCI COMMUTER BANDARA,7815
202508,8/9/2025,KCI COMMUTER BANDARA,5405
202508,8/10/2025,KCI COMMUTER BANDARA,5540
202508,8/11/2025,KCI COMMUTER BANDARA,7193
202508,8/12/2025,KCI COMMUTER BANDARA,7056
202508,8/13/2025,KCI COMMUTER BANDARA,7304
202508,8/14/2025,KCI COMMUTER BANDARA,7288
202508,8/15/2025,KCI COMMUTER BANDARA,8158
202508,8/16/2025,KCI COMMUTER BANDARA,5346
202508,8/17/2025,KCI COMMUTER BANDARA,5380
202508,8/18/2025,KCI COMMUTER BANDARA,5914
202508,8/19/2025,KCI COMMUTER BANDARA,7477
202508,8/20/2025,KCI COMMUTER BANDARA,7639
202508,8/21/2025,KCI COMMUTER BANDARA,7589
202508,8/22/2025,KCI COMMUTER BANDARA,8272
202508,8/23/2025,KCI COMMUTER BANDARA,5314
202508,8/24/2025,KCI COMMUTER BANDARA,5261
202508,8/25/2025,KCI COMMUTER BANDARA,8602
202508,8/26/2025,KCI COMMUTER BANDARA,7404
202508,8/27/2025,KCI COMMUTER BANDARA,7702
202508,8/28/2025,KCI COMMUTER BANDARA,8391
202508,8/29/2025,KCI COMMUTER BANDARA,8708
202508,8/30/2025,KCI COMMUTER BANDARA,5611
202508,8/31/2025,KCI COMMUTER BANDARA,5290
202508,8/1/2025,KAPAL,1267
202508,8/2/2025,KAPAL,5868
202508,8/3/2025,KAPAL,5922
202508,8/4/2025,KAPAL,1801
202508,8/5/2025,KAPAL,1579
202508,8/6/2025,KAPAL,1709
202508,8/7/2025,KAPAL,1611
202508,8/8/2025,KAPAL,2040
202508,8/9/2025,KAPAL,7058
202508,8/10/2025,KAPAL,6628
202508,8/11/2025,KAPAL,1761
202508,8/12/2025,KAPAL,1615
202508,8/13/2025,KAPAL,1712
202508,8/14/2025,KAPAL,1567
202508,8/15/2025,KAPAL,1546
202508,8/16/2025,KAPAL,5461
202508,8/17/2025,KAPAL,5268
202508,8/18/2025,KAPAL,3174
202508,8/19/2025,KAPAL,1378
202508,8/20/2025,KAPAL,1461
202508,8/21/2025,KAPAL,1534
202508,8/22/2025,KAPAL,1781
202508,8/23/2025,KAPAL,5156
202508,8/24/2025,KAPAL,4901
202508,8/25/2025,KAPAL,1559
202508,8/26/2025,KAPAL,1219
202508,8/27/2025,KAPAL,1169
202508,8/28/2025,KAPAL,1647
202508,8/29/2025,KAPAL,1230
202508,8/30/2025,KAPAL,5270
202508,8/31/2025,KAPAL,4965
202509,9/3/2025,KRL,944827
202509,9/4/2025,KRL,1028791
202509,9/5/2025,KRL,660157
202509,9/6/2025,KRL,792973
202509,9/7/2025,KRL,735672
202509,9/8/2025,KRL,1094131
202509,9/9/2025,KRL,1053373
202509,9/10/2025,KRL,1072070
202509,9/11/2025,KRL,1055817
202509,9/12/2025,KRL,1065188
202509,9/13/2025,KRL,850079
202509,9/14/2025,KRL,728223
202509,9/15/2025,KRL,1110601
202509,9/16/2025,KRL,1074334
202509,9/17/2025,KRL,1069832
202509,9/18/2025,KRL,1063130
202509,9/19/2025,KRL,1082847
202509,9/20/2025,KRL,826205
202509,9/21/2025,KRL,716913
202509,9/22/2025,KRL,1095874
202509,9/23/2025,KRL,1067659
202509,9/24/2025,KRL,1065947
202509,9/25/2025,KRL,1067150
202509,9/26/2025,KRL,1088946
202509,9/27/2025,KRL,877490
202509,9/28/2025,KRL,801701
202509,9/29/2025,KRL,1099236
202509,9/30/2025,KRL,1071532
202509,9/1/2025,MRT,56783
202509,9/2/2025,MRT,99344
202509,9/3/2025,MRT,143072
202509,9/4/2025,MRT,157406
202509,9/5/2025,MRT,75240
202509,9/6/2025,MRT,90572
202509,9/7/2025,MRT,90722
202509,9/8/2025,MRT,144604
202509,9/9/2025,MRT,149810
202509,9/10/2025,MRT,151500
202509,9/11/2025,MRT,148887
202509,9/12/2025,MRT,166783
202509,9/13/2025,MRT,86079
202509,9/14/2025,MRT,77824
202509,9/15/2025,MRT,145434
202509,9/16/2025,MRT,151532
202509,9/17/2025,MRT,178439
202509,9/18/2025,MRT,154927
202509,9/19/2025,MRT,186535
202509,9/20/2025,MRT,83211
202509,9/21/2025,MRT,81515
202509,9/22/2025,MRT,143150
202509,9/23/2025,MRT,151742
202509,9/24/2025,MRT,162777
202509,9/25/2025,MRT,162817
202509,9/26/2025,MRT,167690
202509,9/27/2025,MRT,99804
202509,9/28/2025,MRT,93138
202509,9/29/2025,MRT,152639
202509,9/30/2025,MRT,159826
202509,9/1/2025,LRT,2719
202509,9/2/2025,LRT,3722
202509,9/3/2025,LRT,4450
202509,9/4/2025,LRT,4490
202509,9/5/2025,LRT,5074
202509,9/6/2025,LRT,5444
202509,9/7/2025,LRT,4577
202509,9/8/2025,LRT,3528
202509,9/9/2025,LRT,3433
202509,9/10/2025,LRT,3771
202509,9/11/2025,LRT,3686
202509,9/12/2025,LRT,3570
202509,9/13/2025,LRT,4765
202509,9/14/2025,LRT,3430
202509,9/15/2025,LRT,3329
202509,9/16/2025,LRT,3413
202509,9/17/2025,LRT,6401
202509,9/18/2025,LRT,3814
202509,9/19/2025,LRT,7459
202509,9/20/2025,LRT,3622
202509,9/21/2025,LRT,3509
202509,9/22/2025,LRT,3411
202509,9/23/2025,LRT,3859
202509,9/24/2025,LRT,3964
202509,9/25/2025,LRT,3851
202509,9/26/2025,LRT,4042
202509,9/27/2025,LRT,4089
202509,9/28/2025,LRT,3639
202509,9/29/2025,LRT,3233
202509,9/30/2025,LRT,3598
202509,9/1/2025,KCI COMMUTER BANDARA,4686
202509,9/2/2025,KCI COMMUTER BANDARA,5481
202509,9/3/2025,KCI COMMUTER BANDARA,6391
202509,9/4/2025,KCI COMMUTER BANDARA,8332
202509,9/5/2025,KCI COMMUTER BANDARA,5774
202509,9/6/2025,KCI COMMUTER BANDARA,4780
202509,9/7/2025,KCI COMMUTER BANDARA,6267
202509,9/8/2025,KCI COMMUTER BANDARA,7920
202509,9/9/2025,KCI COMMUTER BANDARA,7417
202509,9/10/2025,KCI COMMUTER BANDARA,7434
202509,9/11/2025,KCI COMMUTER BANDARA,7183
202509,9/12/2025,KCI COMMUTER BANDARA,8175
202509,9/13/2025,KCI COMMUTER BANDARA,5114
202509,9/14/2025,KCI COMMUTER BANDARA,5465
202509,9/15/2025,KCI COMMUTER BANDARA,7506
202509,9/16/2025,KCI COMMUTER BANDARA,7251
202509,9/17/2025,KCI COMMUTER BANDARA,7449
202509,9/18/2025,KCI COMMUTER BANDARA,7419
202509,9/19/2025,KCI COMMUTER BANDARA,8019
202509,9/20/2025,KCI COMMUTER BANDARA,5488
202509,9/21/2025,KCI COMMUTER BANDARA,5550
202509,9/22/2025,KCI COMMUTER BANDARA,7283
202509,9/23/2025,KCI COMMUTER BANDARA,7024
202509,9/24/2025,KCI COMMUTER BANDARA,7676
202509,9/25/2025,KCI COMMUTER BANDARA,8017
202509,9/26/2025,KCI COMMUTER BANDARA,8966
202509,9/27/2025,KCI COMMUTER BANDARA,5866
202509,9/28/2025,KCI COMMUTER BANDARA,5856
202509,9/29/2025,KCI COMMUTER BANDARA,7682
202509,9/30/2025,KCI COMMUTER BANDARA,7540
202509,9/1/2025,KAPAL,1367
202509,9/2/2025,KAPAL,1197
202509,9/3/2025,KAPAL,896
202509,9/4/2025,KAPAL,1484
202509,9/5/2025,KAPAL,8575
202509,9/6/2025,KAPAL,10530
202509,9/7/2025,KAPAL,6909
202509,9/8/2025,KAPAL,1584
202509,9/9/2025,KAPAL,1320
202509,9/10/2025,KAPAL,1275
202509,9/11/2025,KAPAL,1652
202509,9/12/2025,KAPAL,1608
202509,9/13/2025,KAPAL,5205
202509,9/14/2025,KAPAL,5152
202509,9/15/2025,KAPAL,1313
202509,9/16/2025,KAPAL,1445
202509,9/17/2025,KAPAL,1469
202509,9/18/2025,KAPAL,1398
202509,9/19/2025,KAPAL,1859
202509,9/20/2025,KAPAL,5222
202509,9/21/2025,KAPAL,5488
202509,9/22/2025,KAPAL,1624
202509,9/23/2025,KAPAL,1373
202509,9/24/2025,KAPAL,1452
202509,9/25/2025,KAPAL,1340
202509,9/26/2025,KAPAL,1455
202509,9/27/2025,KAPAL,5366
202509,9/28/2025,KAPAL,5065
202509,9/29/2025,KAPAL,1061
202509,9/30/2025,KAPAL,1072
202510,10/1/2025,TRANSJAKARTA,1458374
202510,10/2/2025,TRANSJAKARTA,1425625
202510,10/3/2025,TRANSJAKARTA,1429875
202510,10/4/2025,TRANSJAKARTA,1005927
202510,10/5/2025,TRANSJAKARTA,1115861
202510,10/6/2025,TRANSJAKARTA,1425998
202510,10/7/2025,TRANSJAKARTA,1440435
202510,10/8/2025,TRANSJAKARTA,1447727
202510,10/9/2025,TRANSJAKARTA,1430085
202510,10/10/2025,TRANSJAKARTA,1409759
202510,10/11/2025,TRANSJAKARTA,992617
202510,10/12/2025,TRANSJAKARTA,851814
202510,10/13/2025,TRANSJAKARTA,1422793
202510,10/14/2025,TRANSJAKARTA,1436557
202510,10/15/2025,TRANSJAKARTA,1450669
202510,10/16/2025,TRANSJAKARTA,1406335
202510,10/17/2025,TRANSJAKARTA,1399676
202510,10/18/2025,TRANSJAKARTA,988575
202510,10/19/2025,TRANSJAKARTA,846182
202510,10/20/2025,TRANSJAKARTA,1421879
202510,10/21/2025,TRANSJAKARTA,1445904
202510,10/22/2025,TRANSJAKARTA,1437517
202510,10/23/2025,TRANSJAKARTA,1418953
202510,10/24/2025,TRANSJAKARTA,1397450
202510,10/25/2025,TRANSJAKARTA,997831
202510,10/26/2025,TRANSJAKARTA,807192
202510,10/27/2025,TRANSJAKARTA,1399804
202510,10/28/2025,TRANSJAKARTA,1421816
202510,10/29/2025,TRANSJAKARTA,1437172
202510,10/30/2025,TRANSJAKARTA,1390511
202510,10/31/2025,TRANSJAKARTA,1399927
202510,10/1/2025,BUS SEKOLAH,39047
202510,10/2/2025,BUS SEKOLAH,40577
202510,10/3/2025,BUS SEKOLAH,37086
202510,10/4/2025,BUS SEKOLAH,3000
202510,10/5/2025,BUS SEKOLAH,8668
202510,10/6/2025,BUS SEKOLAH,43757
202510,10/7/2025,BUS SEKOLAH,43260
202510,10/8/2025,BUS SEKOLAH,43598
202510,10/9/2025,BUS SEKOLAH,44845
202510,10/10/2025,BUS SEKOLAH,41165
202510,10/11/2025,BUS SEKOLAH,2536
202510,10/12/2025,BUS SEKOLAH,2256
202510,10/13/2025,BUS SEKOLAH,41205
202510,10/14/2025,BUS SEKOLAH,43043
202510,10/15/2025,BUS SEKOLAH,43176
202510,10/16/2025,BUS SEKOLAH,41556
202510,10/17/2025,BUS SEKOLAH,40278
202510,10/18/2025,BUS SEKOLAH,2516
202510,10/19/2025,BUS SEKOLAH,2596
202510,10/20/2025,BUS SEKOLAH,44453
202510,10/21/2025,BUS SEKOLAH,39120
202510,10/22/2025,BUS SEKOLAH,36249
202510,10/23/2025,BUS SEKOLAH,35915
202510,10/24/2025,BUS SEKOLAH,37659
202510,10/25/2025,BUS SEKOLAH,3212
202510,10/26/2025,BUS SEKOLAH,4836
202510,10/27/2025,BUS SEKOLAH,45363
202510,10/28/2025,BUS SEKOLAH,44512
202510,10/29/2025,BUS SEKOLAH,45648
202510,10/30/2025,BUS SEKOLAH,42300
202510,10/31/2025,BUS SEKOLAH,42636
202510,10/1/2025,KRL,1107167
202510,10/2/2025,KRL,1094268
202510,10/3/2025,KRL,1122962
202510,10/4/2025,KRL,907664
202510,10/5/2025,KRL,1051951
202510,10/6/2025,KRL,1130146
202510,10/7/2025,KRL,1090669
202510,10/8/2025,KRL,1096724
202510,10/9/2025,KRL,1083286
202510,10/10/2025,KRL,1096576
202510,10/11/2025,KRL,875575
202510,10/12/2025,KRL,787822
202510,10/13/2025,KRL,1098680
202510,10/14/2025,KRL,1081511
202510,10/15/2025,KRL,1079063
202510,10/16/2025,KRL,1076003
202510,10/17/2025,KRL,1095039
202510,10/18/2025,KRL,880974
202510,10/19/2025,KRL,727355
202510,10/20/2025,KRL,1099434
202510,10/21/2025,KRL,1070490
202510,10/22/2025,KRL,1062179
202510,10/23/2025,KRL,1056141
202510,10/24/2025,KRL,1063898
202510,10/25/2025,KRL,862941
202510,10/26/2025,KRL,707209
202510,10/27/2025,KRL,1092601
202510,10/28/2025,KRL,1076369
202510,10/29/2025,KRL,1079424
202510,10/30/2025,KRL,1067909
202510,10/31/2025,KRL,1054903
202510,10/1/2025,MRT,156062
202510,10/2/2025,MRT,157190
202510,10/3/2025,MRT,160786
202510,10/4/2025,MRT,97374
202510,10/5/2025,MRT,138552
202510,10/6/2025,MRT,146157
202510,10/7/2025,MRT,153026
202510,10/8/2025,MRT,157011
202510,10/9/2025,MRT,153753
202510,10/10/2025,MRT,156605
202510,10/11/2025,MRT,99585
202510,10/12/2025,MRT,90680
202510,10/13/2025,MRT,145184
202510,10/14/2025,MRT,151491
202510,10/15/2025,MRT,155731
202510,10/16/2025,MRT,149681
202510,10/17/2025,MRT,159355
202510,10/18/2025,MRT,93394
202510,10/19/2025,MRT,83718
202510,10/20/2025,MRT,143177
202510,10/21/2025,MRT,151337
202510,10/22/2025,MRT,162864
202510,10/23/2025,MRT,153603
202510,10/24/2025,MRT,163411
202510,10/25/2025,MRT,109185
202510,10/26/2025,MRT,82479
202510,10/27/2025,MRT,146445
202510,10/28/2025,MRT,159907
202510,10/29/2025,MRT,167125
202510,10/30/2025,MRT,177558
202510,10/31/2025,MRT,175591
202510,10/1/2025,LRT,3787
202510,10/2/2025,LRT,3700
202510,10/3/2025,LRT,3987
202510,10/4/2025,LRT,4959
202510,10/5/2025,LRT,7191
202512,12/25/2025,LRT,3191
202512,12/26/2025,LRT,3249
202512,12/27/2025,LRT,3755
202512,12/28/2025,LRT,2822
202512,12/29/2025,LRT,3601
202512,12/30/2025,LRT,3472
202512,12/31/2025,LRT,7348
202512,12/1/2025,KCI COMMUTER BANDARA,7431
202512,12/2/2025,KCI COMMUTER BANDARA,7093
202512,12/3/2025,KCI COMMUTER BANDARA,7766
202512,12/4/2025,KCI COMMUTER BANDARA,8000
202512,12/5/2025,KCI COMMUTER BANDARA,8565
202512,12/6/2025,KCI COMMUTER BANDARA,5635
202512,12/7/2025,KCI COMMUTER BANDARA,5645
202512,12/8/2025,KCI COMMUTER BANDARA,7510
202512,12/9/2025,KCI COMMUTER BANDARA,8053
202512,12/10/2025,KCI COMMUTER BANDARA,7867
202512,12/11/2025,KCI COMMUTER BANDARA,8780
202512,12/12/2025,KCI COMMUTER BANDARA,5506
202512,12/13/2025,KCI COMMUTER BANDARA,11012
202512,12/14/2025,KCI COMMUTER BANDARA,10658
202512,12/15/2025,KCI COMMUTER BANDARA,15226
202512,12/16/2025,KCI COMMUTER BANDARA,14754
202512,12/17/2025,KCI COMMUTER BANDARA,16116
202512,12/18/2025,KCI COMMUTER BANDARA,23822
202512,12/19/2025,KCI COMMUTER BANDARA,18956
202512,12/20/2025,KCI COMMUTER BANDARA,12816
202512,12/21/2025,KCI COMMUTER BANDARA,11754
202512,12/22/2025,KCI COMMUTER BANDARA,16978
202512,12/23/2025,KCI COMMUTER BANDARA,17804
202512,12/24/2025,KCI COMMUTER BANDARA,21043
202512,12/25/2025,KCI COMMUTER BANDARA,13682
202512,12/26/2025,KCI COMMUTER BANDARA,10644
202512,12/27/2025,KCI COMMUTER BANDARA,10648
202512,12/28/2025,KCI COMMUTER BANDARA,13716
202512,12/29/2025,KCI COMMUTER BANDARA,14182
202512,12/30/2025,KCI COMMUTER BANDARA,12874
202512,12/31/2025,KCI COMMUTER BANDARA,14294
202512,12/1/2025,KAPAL,1260
202512,12/2/2025,KAPAL,1022
202512,12/3/2025,KAPAL,1011
202512,12/4/2025,KAPAL,1368
202512,12/5/2025,KAPAL,1252
202512,12/6/2025,KAPAL,4780
202512,12/7/2025,KAPAL,4097
202512,12/8/2025,KAPAL,1172
202512,12/9/2025,KAPAL,663
202512,12/10/2025,KAPAL,1047
202512,12/11/2025,KAPAL,1235
202512,12/12/2025,KAPAL,1340
202512,12/13/2025,KAPAL,3040
202512,12/14/2025,KAPAL,3155
202512,12/15/2025,KAPAL,1474
202512,12/16/2025,KAPAL,888
202512,12/17/2025,KAPAL,998
202512,12/18/2025,KAPAL,830
202512,12/19/2025,KAPAL,1272
202512,12/20/2025,KAPAL,2811
202512,12/21/2025,KAPAL,2895
202512,12/22/2025,KAPAL,1870
202512,12/23/2025,KAPAL,2042
202512,12/24/2025,KAPAL,2247
202511,11/1/2025,TRANSJAKARTA,1010863
202511,11/2/2025,TRANSJAKARTA,877096
202511,11/3/2025,TRANSJAKARTA,1430481
202511,11/4/2025,TRANSJAKARTA,1442634
202511,11/5/2025,TRANSJAKARTA,1462147
202511,11/6/2025,TRANSJAKARTA,1439102
202511,11/7/2025,TRANSJAKARTA,1424661
202511,11/8/2025,TRANSJAKARTA,945002
202511,11/9/2025,TRANSJAKARTA,878799
202511,11/10/2025,TRANSJAKARTA,1433333
202511,11/11/2025,TRANSJAKARTA,1438818
202511,11/12/2025,TRANSJAKARTA,1451140
202511,11/13/2025,TRANSJAKARTA,1417324
202511,11/14/2025,TRANSJAKARTA,1403306
202511,11/15/2025,TRANSJAKARTA,982135
202511,11/16/2025,TRANSJAKARTA,859291
202511,11/17/2025,TRANSJAKARTA,1421560
202511,11/18/2025,TRANSJAKARTA,1341100
202511,11/19/2025,TRANSJAKARTA,1449690
202511,11/20/2025,TRANSJAKARTA,1411490
202511,11/21/2025,TRANSJAKARTA,1409954
202511,11/22/2025,TRANSJAKARTA,988851
202511,11/23/2025,TRANSJAKARTA,841216
202511,11/24/2025,TRANSJAKARTA,1438656
202511,11/25/2025,TRANSJAKARTA,1439875
202511,11/26/2025,TRANSJAKARTA,1461188
202511,11/27/2025,TRANSJAKARTA,1428385
202511,11/28/2025,TRANSJAKARTA,1424086
202511,11/29/2025,TRANSJAKARTA,987393
202511,11/30/2025,TRANSJAKARTA,829610
202511,11/1/2025,BUS SEKOLAH,2548
202511,11/2/2025,BUS SEKOLAH,2840
202511,11/3/2025,BUS SEKOLAH,45855
202511,11/4/2025,BUS SEKOLAH,44827
202511,11/5/2025,BUS SEKOLAH,45030
202511,11/6/2025,BUS SEKOLAH,44722
202511,11/7/2025,BUS SEKOLAH,43086
202511,11/8/2025,BUS SEKOLAH,2364
202511,11/9/2025,BUS SEKOLAH,3784
202511,11/10/2025,BUS SEKOLAH,45025
202511,11/11/2025,BUS SEKOLAH,45892
202511,11/12/2025,BUS SEKOLAH,45233
202511,11/13/2025,BUS SEKOLAH,45060
202511,11/14/2025,BUS SEKOLAH,42478
202511,11/15/2025,BUS SEKOLAH,3252
202511,11/16/2025,BUS SEKOLAH,2352
202511,11/17/2025,BUS SEKOLAH,44802
202511,11/18/2025,BUS SEKOLAH,42937
202511,11/19/2025,BUS SEKOLAH,45117
202511,11/20/2025,BUS SEKOLAH,47062
202511,11/21/2025,BUS SEKOLAH,44143
202511,11/22/2025,BUS SEKOLAH,2976
202511,11/23/2025,BUS SEKOLAH,2244
202511,11/24/2025,BUS SEKOLAH,46129
202511,11/25/2025,BUS SEKOLAH,46379
202511,11/26/2025,BUS SEKOLAH,45218
202511,11/27/2025,BUS SEKOLAH,46100
202511,11/28/2025,BUS SEKOLAH,45119
202511,11/29/2025,BUS SEKOLAH,3100
202511,11/30/2025,BUS SEKOLAH,3120
202511,11/1/2025,KRL,932990
202511,11/2/2025,KRL,817892
202510,10/6/2025,KAPAL,2063
202510,10/7/2025,KAPAL,1401
202510,10/8/2025,KAPAL,1895
202510,10/9/2025,KAPAL,1711
202510,10/10/2025,KAPAL,1777
202510,10/11/2025,KAPAL,5126
202510,10/12/2025,KAPAL,5068
202510,10/13/2025,KAPAL,1446
202510,10/14/2025,KAPAL,1292
202510,10/15/2025,KAPAL,1282
202510,10/16/2025,KAPAL,1655
202510,10/17/2025,KAPAL,1767
202510,10/18/2025,KAPAL,5344
202510,10/19/2025,KAPAL,5511
202510,10/20/2025,KAPAL,1404
202510,10/21/2025,KAPAL,1909
202510,10/22/2025,KAPAL,1117
202510,10/23/2025,KAPAL,1243
202510,10/24/2025,KAPAL,1289
202510,10/25/2025,KAPAL,4607
202510,10/26/2025,KAPAL,4965
202510,10/27/2025,KAPAL,1532
202510,10/28/2025,KAPAL,951
202510,10/29/2025,KAPAL,1595
202510,10/30/2025,KAPAL,1233
202510,10/31/2025,KAPAL,1978
202511,11/3/2025,KRL,1130065
202511,11/4/2025,KRL,1095259
202511,11/5/2025,KRL,1098457
202511,11/6/2025,KRL,1091280
202511,11/7/2025,KRL,1113758
202511,11/8/2025,KRL,875196
202511,11/9/2025,KRL,813501
202511,11/10/2025,KRL,1129517
202511,11/11/2025,KRL,1096652
202511,11/12/2025,KRL,1100014
202511,11/13/2025,KRL,1087772
202511,11/14/2025,KRL,1100637
202511,11/15/2025,KRL,904533
202511,11/16/2025,KRL,787009
202511,11/17/2025,KRL,1114863
202511,11/18/2025,KRL,1044758
202511,11/19/2025,KRL,1092314
202511,11/20/2025,KRL,1076098
202511,11/21/2025,KRL,1096896
202511,11/22/2025,KRL,846976
202511,11/23/2025,KRL,721134
202511,11/24/2025,KRL,1124227
202511,11/25/2025,KRL,1092772
202511,11/26/2025,KRL,1099188
202511,11/27/2025,KRL,1088082
202511,11/28/2025,KRL,1122635
202511,11/29/2025,KRL,902863
202511,11/30/2025,KRL,775907
202511,11/1/2025,MRT,135646
202511,11/2/2025,MRT,120850
202511,11/3/2025,MRT,152677
202511,11/4/2025,MRT,158782
202511,11/5/2025,MRT,162171
202511,11/6/2025,MRT,73519
202511,11/7/2025,MRT,164811
202511,11/8/2025,MRT,98539
202511,11/9/2025,MRT,96392
202511,11/10/2025,MRT,147844
202511,11/11/2025,MRT,155810
202511,11/12/2025,MRT,158773
202511,11/13/2025,MRT,154481
202511,11/14/2025,MRT,157142
202511,11/15/2025,MRT,95450
202511,11/16/2025,MRT,88164
202511,11/17/2025,MRT,146719
202511,11/18/2025,MRT,153996
202511,11/19/2025,MRT,160266
202511,11/20/2025,MRT,131134
202511,11/21/2025,MRT,159378
202511,11/22/2025,MRT,91677
202511,11/23/2025,MRT,89241
202511,11/24/2025,MRT,146843
202511,11/25/2025,MRT,158370
202511,11/26/2025,MRT,159651
202511,11/27/2025,MRT,157966
202511,11/28/2025,MRT,175377
202511,11/29/2025,MRT,108682
202511,11/30/2025,MRT,101400
202511,11/1/2025,LRT,4031
202511,11/2/2025,LRT,3060
202511,11/3/2025,LRT,3350
202511,11/4/2025,LRT,3621
202511,11/5/2025,LRT,3836
202511,11/6/2025,LRT,4169
202511,11/7/2025,LRT,3805
202511,11/8/2025,LRT,3521
202511,11/9/2025,LRT,3415
202511,11/10/2025,LRT,3516
202511,11/11/2025,LRT,3422
202511,11/12/2025,LRT,4195
202511,11/13/2025,LRT,3616
202511,11/14/2025,LRT,3765
202511,11/15/2025,LRT,3834
202511,11/16/2025,LRT,3462
202511,11/17/2025,LRT,3422
202511,11/18/2025,LRT,3292
202511,11/19/2025,LRT,3927
202511,11/20/2025,LRT,3805
202511,11/21/2025,LRT,4072
202511,11/22/2025,LRT,4017
202511,11/23/2025,LRT,3193
202511,11/24/2025,LRT,3593
202511,11/25/2025,LRT,3770
202511,11/26/2025,LRT,3900
202511,11/27/2025,LRT,3678
202511,11/28/2025,LRT,6641
202511,11/29/2025,LRT,5453
202511,11/30/2025,LRT,3584
202511,11/1/2025,KCI COMMUTER BANDARA,7051
202511,11/2/2025,KCI COMMUTER BANDARA,6142
202511,11/3/2025,KCI COMMUTER BANDARA,7889
202511,11/4/2025,KCI COMMUTER BANDARA,7602
202511,11/5/2025,KCI COMMUTER BANDARA,7865
202511,11/6/2025,KCI COMMUTER BANDARA,7629
202511,11/7/2025,KCI COMMUTER BANDARA,8854
202511,11/8/2025,KCI COMMUTER BANDARA,5564
202511,11/9/2025,KCI COMMUTER BANDARA,5729
202511,11/10/2025,KCI COMMUTER BANDARA,7507
202511,11/11/2025,KCI COMMUTER BANDARA,7330
202511,11/12/2025,KCI COMMUTER BANDARA,7605
202511,11/13/2025,KCI COMMUTER BANDARA,7626
202511,11/14/2025,KCI COMMUTER BANDARA,8780
202511,11/15/2025,KCI COMMUTER BANDARA,5524
202511,11/16/2025,KCI COMMUTER BANDARA,5542
202511,11/17/2025,KCI COMMUTER BANDARA,7529
202511,11/18/2025,KCI COMMUTER BANDARA,7848
202511,11/19/2025,KCI COMMUTER BANDARA,7554
202511,11/20/2025,KCI COMMUTER BANDARA,7924
202511,11/21/2025,KCI COMMUTER BANDARA,8482
202511,11/22/2025,KCI COMMUTER BANDARA,5506
202511,11/23/2025,KCI COMMUTER BANDARA,5651
202511,11/24/2025,KCI COMMUTER BANDARA,7984
202511,11/25/2025,KCI COMMUTER BANDARA,7411
202511,11/26/2025,KCI COMMUTER BANDARA,7956
202511,11/27/2025,KCI COMMUTER BANDARA,7853
202511,11/28/2025,KCI COMMUTER BANDARA,8836
202511,11/29/2025,KCI COMMUTER BANDARA,5515
202511,11/30/2025,KCI COMMUTER BANDARA,5769
202511,11/1/2025,KAPAL,5652
202511,11/2/2025,KAPAL,5366
202511,11/3/2025,KAPAL,1793
202511,11/4/2025,KAPAL,1323
202511,11/5/2025,KAPAL,1515
202511,11/6/2025,KAPAL,1383
202511,11/7/2025,KAPAL,1772
202511,11/8/2025,KAPAL,5981
202511,11/9/2025,KAPAL,6445
202511,11/10/2025,KAPAL,1780
202511,11/11/2025,KAPAL,1807
202511,11/12/2025,KAPAL,2135
202511,11/13/2025,KAPAL,1584
202511,11/14/2025,KAPAL,1769
202511,11/15/2025,KAPAL,5197
202511,11/16/2025,KAPAL,5353
202511,11/17/2025,KAPAL,1458
202511,11/18/2025,KAPAL,1649
202511,11/19/2025,KAPAL,1430
202511,11/20/2025,KAPAL,1468
202511,11/21/2025,KAPAL,1477
202511,11/22/2025,KAPAL,4073
202511,11/23/2025,KAPAL,4295
202511,11/24/2025,KAPAL,1312
202511,11/25/2025,KAPAL,1318
202511,11/26/2025,KAPAL,1020
202511,11/27/2025,KAPAL,1371
202511,11/28/2025,KAPAL,1590
202511,11/29/2025,KAPAL,4802
202511,11/30/2025,KAPAL,5051
202512,12/1/2025,TRANSJAKARTA,1415226
202512,12/2/2025,TRANSJAKARTA,1425294
202512,12/3/2025,TRANSJAKARTA,1441379
202512,12/4/2025,TRANSJAKARTA,1392012
202512,12/5/2025,TRANSJAKARTA,1438053
202512,12/6/2025,TRANSJAKARTA,1029783
202512,12/7/2025,TRANSJAKARTA,887241
202512,12/8/2025,TRANSJAKARTA,1427458
202512,12/9/2025,TRANSJAKARTA,1431809
202512,12/10/2025,TRANSJAKARTA,1445507
202512,12/11/2025,TRANSJAKARTA,1399737
202512,12/12/2025,TRANSJAKARTA,1379074
202512,12/13/2025,TRANSJAKARTA,991409
202512,12/14/2025,TRANSJAKARTA,871109
202512,12/15/2025,TRANSJAKARTA,1405563
202512,12/16/2025,TRANSJAKARTA,1410290
202512,12/17/2025,TRANSJAKARTA,1412588
202512,12/18/2025,TRANSJAKARTA,1356603
202512,12/19/2025,TRANSJAKARTA,1346091
202512,12/20/2025,TRANSJAKARTA,956084
202512,12/21/2025,TRANSJAKARTA,821187
202512,12/22/2025,TRANSJAKARTA,1271660
202512,12/23/2025,TRANSJAKARTA,1271579
202512,12/24/2025,TRANSJAKARTA,1221705
202512,12/25/2025,TRANSJAKARTA,780826
202512,12/26/2025,TRANSJAKARTA,925180
202512,12/27/2025,TRANSJAKARTA,946792
202512,12/28/2025,TRANSJAKARTA,826327
202512,12/29/2025,TRANSJAKARTA,1210985
202512,12/30/2025,TRANSJAKARTA,1208042
202512,12/31/2025,TRANSJAKARTA,1116541
202512,12/1/2025,BUS SEKOLAH,44832
202512,12/2/2025,BUS SEKOLAH,46361
202512,12/3/2025,BUS SEKOLAH,43963
202512,12/4/2025,BUS SEKOLAH,44773
202512,12/5/2025,BUS SEKOLAH,43866
202512,12/6/2025,BUS SEKOLAH,4992
202512,12/7/2025,BUS SEKOLAH,3916
202512,12/8/2025,BUS SEKOLAH,45667
202512,12/9/2025,BUS SEKOLAH,44958
202512,12/10/2025,BUS SEKOLAH,44159
202512,12/11/2025,BUS SEKOLAH,43795
202512,12/12/2025,BUS SEKOLAH,39992
202512,12/13/2025,BUS SEKOLAH,4200
202512,12/14/2025,BUS SEKOLAH,3508
202512,12/15/2025,BUS SEKOLAH,41585
202512,12/16/2025,BUS SEKOLAH,38193
202512,12/17/2025,BUS SEKOLAH,35497
202512,12/18/2025,BUS SEKOLAH,32242
202512,12/19/2025,BUS SEKOLAH,4258
202512,12/20/2025,BUS SEKOLAH,788
202512,12/21/2025,BUS SEKOLAH,328
202512,12/22/2025,BUS SEKOLAH,1056
202512,12/23/2025,BUS SEKOLAH,108
202512,12/24/2025,BUS SEKOLAH,140
202512,12/25/2025,BUS SEKOLAH,0
202512,12/26/2025,BUS SEKOLAH,0
202512,12/27/2025,BUS SEKOLAH,0
202512,12/28/2025,BUS SEKOLAH,0
202512,12/29/2025,BUS SEKOLAH,0
202512,12/30/2025,BUS SEKOLAH,400
202512,12/31/2025,BUS SEKOLAH,0
202512,12/1/2025,KRL,1126362
202512,12/2/2025,KRL,1093766
202512,12/3/2025,KRL,1085080
202512,12/4/2025,KRL,1051350
202512,12/5/2025,KRL,1089276
202512,12/6/2025,KRL,891358
202512,12/7/2025,KRL,755418
202512,12/8/2025,KRL,1057302
202512,12/9/2025,KRL,1023658
202512,12/10/2025,KRL,1012290
202512,12/11/2025,KRL,1055164
202512,12/12/2025,KRL,840042
202512,12/13/2025,KRL,1778280
202512,12/14/2025,KRL,1544808
202512,12/15/2025,KRL,2243778
202512,12/16/2025,KRL,2160096
202512,12/17/2025,KRL,2161364
202512,12/18/2025,KRL,2073416
202512,12/19/2025,KRL,2020542
202512,12/20/2025,KRL,1564100
202512,12/21/2025,KRL,1336116
202512,12/22/2025,KRL,2193296
202512,12/23/2025,KRL,2100530
202512,12/24/2025,KRL,2093928
202512,12/25/2025,KRL,1444210
202512,12/26/2025,KRL,1537126
202512,12/27/2025,KRL,1683994
202512,12/28/2025,KRL,1676768
202512,12/29/2025,KRL,2156722
202512,12/30/2025,KRL,2055524
202512,12/31/2025,KRL,2267378
202512,12/1/2025,MRT,149533
202512,12/2/2025,MRT,157211
202512,12/3/2025,MRT,162747
202512,12/4/2025,MRT,166526
202512,12/5/2025,MRT,174745
202512,12/6/2025,MRT,133024
202512,12/7/2025,MRT,99292
202512,12/8/2025,MRT,147608
202512,12/9/2025,MRT,133953
202512,12/10/2025,MRT,73843
202512,12/11/2025,MRT,161097
202512,12/12/2025,MRT,164829
202512,12/13/2025,MRT,99257
202512,12/14/2025,MRT,88100
202512,12/15/2025,MRT,147325
202512,12/16/2025,MRT,159002
202512,12/17/2025,MRT,161775
202512,12/18/2025,MRT,158554
202512,12/19/2025,MRT,15869
202512,12/20/2025,MRT,88294
202512,12/21/2025,MRT,81944
202512,12/22/2025,MRT,151167
202512,12/23/2025,MRT,165158
202512,12/24/2025,MRT,153683
202512,12/25/2025,MRT,91588
202512,12/26/2025,MRT,106175
202512,12/27/2025,MRT,111551
202512,12/28/2025,MRT,92328
202512,12/29/2025,MRT,139401
202512,12/30/2025,MRT,146835
202512,12/31/2025,MRT,175454
202512,12/1/2025,LRT,3457
202512,12/2/2025,LRT,3544
202512,12/3/2025,LRT,3782
202512,12/4/2025,LRT,4141
202512,12/5/2025,LRT,4389
202512,12/6/2025,LRT,4130
202512,12/7/2025,LRT,3728
202512,12/8/2025,LRT,3623
202512,12/9/2025,LRT,4084
202512,12/10/2025,LRT,3756
202512,12/11/2025,LRT,3570
202512,12/12/2025,LRT,4676
202512,12/13/2025,LRT,4397
202512,12/14/2025,LRT,3464
202512,12/15/2025,LRT,3590
202512,12/16/2025,LRT,3528
202512,12/17/2025,LRT,3842
202512,12/18/2025,LRT,3552
202512,12/19/2025,LRT,3857
202512,12/20/2025,LRT,3910
202512,12/21/2025,LRT,3414
202512,12/22/2025,LRT,3861
202512,12/23/2025,LRT,3788
202512,12/24/2025,LRT,3794
202512,12/25/2025,KAPAL,4516
202512,12/26/2025,KAPAL,4614
202512,12/27/2025,KAPAL,6397
202512,12/28/2025,KAPAL,5492
202512,12/29/2025,KAPAL,2588
202512,12/30/2025,KAPAL,2698
202512,12/31/2025,KAPAL,3864
202601,1/23/2026,BUS SEKOLAH,1219
202601,1/24/2026,BUS SEKOLAH,3220
202601,1/25/2026,BUS SEKOLAH,1972
202601,1/26/2026,BUS SEKOLAH,832
202601,1/27/2026,BUS SEKOLAH,848
202601,1/28/2026,BUS SEKOLAH,932
202601,1/29/2026,BUS SEKOLAH,36975
202601,1/30/2026,BUS SEKOLAH,1308
202601,1/31/2026,BUS SEKOLAH,2260
202601,1/1/2026,KRL,920083
202601,1/2/2026,KRL,1051113
202601,1/3/2026,KRL,924159
202601,1/4/2026,KRL,850882
202601,1/5/2026,KRL,1171528
202601,1/6/2026,KRL,1146783
202601,1/7/2026,KRL,1143504
202601,1/8/2026,KRL,1130868
202601,1/9/2026,KRL,1110667
202601,1/10/2026,KRL,896938
202601,1/11/2026,KRL,677497
202601,1/12/2026,KRL,980832
202601,1/13/2026,KRL,1062615
202601,1/14/2026,KRL,1063509
202601,1/15/2026,KRL,1113222
202601,1/16/2026,KRL,731222
202601,1/17/2026,KRL,807954
202601,1/18/2026,KRL,615920
202601,1/19/2026,KRL,1095478
202601,1/20/2026,KRL,1058192
202601,1/21/2026,KRL,1027373
202601,1/22/2026,KRL,990063
202601,1/23/2026,KRL,993510
202601,1/24/2026,KRL,767315
202601,1/25/2026,KRL,695924
202601,1/26/2026,KRL,1091000
202601,1/27/2026,KRL,1058586
202601,1/28/2026,KRL,1055416
202601,1/29/2026,KRL,1015453
202601,1/30/2026,KRL,1081405
202601,1/31/2026,KRL,896828
202601,1/1/2026,MRT,130347
202601,1/2/2026,MRT,123270
202601,1/3/2026,MRT,89195
202601,1/4/2026,MRT,81013
202601,1/5/2026,MRT,154201
202601,1/6/2026,MRT,161026
202601,1/7/2026,MRT,153983
202601,1/8/2026,MRT,146343
202601,1/9/2026,MRT,162536
202601,1/10/2026,MRT,95540
202601,1/11/2026,MRT,68536
202601,1/12/2026,MRT,138547
202601,1/13/2026,MRT,163530
202601,1/14/2026,MRT,165057
202601,1/15/2026,MRT,172405
202601,1/16/2026,MRT,88831
202601,1/17/2026,MRT,87152
202601,1/18/2026,MRT,55887
202601,1/19/2026,MRT,150086
202602,2/7/2026,BUS SEKOLAH,3988
202602,2/8/2026,BUS SEKOLAH,1748
202602,2/9/2026,BUS SEKOLAH,44580
202602,2/10/2026,BUS SEKOLAH,45139
202602,2/11/2026,BUS SEKOLAH,45013
202602,2/12/2026,BUS SEKOLAH,45346
202602,2/13/2026,BUS SEKOLAH,41078
202602,2/14/2026,BUS SEKOLAH,2732
202602,2/15/2026,BUS SEKOLAH,2000
202602,2/16/2026,BUS SEKOLAH,0
202602,2/17/2026,BUS SEKOLAH,688
202602,2/18/2026,BUS SEKOLAH,420
202602,2/19/2026,BUS SEKOLAH,844
202602,2/20/2026,BUS SEKOLAH,268
202602,2/21/2026,BUS SEKOLAH,0
202602,2/22/2026,BUS SEKOLAH,0
202602,2/23/2026,BUS SEKOLAH,41349
202602,2/24/2026,BUS SEKOLAH,42078
202602,2/25/2026,BUS SEKOLAH,41660
202602,2/26/2026,BUS SEKOLAH,44534
202602,2/27/2026,BUS SEKOLAH,42140
202602,2/28/2026,BUS SEKOLAH,100
202602,2/1/2026,KRL,796879
202602,2/2/2026,KRL,1154167
202602,2/3/2026,KRL,1130778
202602,2/4/2026,KRL,1114240
202602,2/5/2026,KRL,1119215
202602,2/6/2026,KRL,1129485
202602,2/7/2026,KRL,928259
202602,2/8/2026,KRL,835338
202602,2/9/2026,KRL,1128507
202602,2/10/2026,KRL,1127715
202602,2/11/2026,KRL,1134019
202602,2/12/2026,KRL,1132086
202602,2/13/2026,KRL,1162108
202602,2/14/2026,KRL,975007
202602,2/15/2026,KRL,905920
202602,2/16/2026,KRL,949109
202602,2/17/2026,KRL,796079
202602,2/18/2026,KRL,1150728
202602,2/19/2026,KRL,962512
202602,2/20/2026,KRL,950766
202602,2/21/2026,KRL,631343
202602,2/22/2026,KRL,498863
202602,2/23/2026,KRL,1077611
202602,2/24/2026,KRL,1040979
202602,2/25/2026,KRL,1049642
202602,2/26/2026,KRL,1056417
202602,2/27/2026,KRL,1067705
202602,2/28/2026,KRL,788973
202602,2/1/2026,MRT,76152
202602,2/2/2026,MRT,117084
202602,2/3/2026,MRT,169068
202602,2/4/2026,MRT,170794
202602,2/5/2026,MRT,167911
202602,2/6/2026,MRT,169803
202602,2/7/2026,MRT,104815
202602,2/8/2026,MRT,80775
202602,2/9/2026,MRT,156711
202602,2/10/2026,MRT,166437
202602,2/11/2026,MRT,169157
202602,2/12/2026,MRT,172351
202602,2/13/2026,MRT,177341
202602,2/14/2026,MRT,94779
202602,2/15/2026,MRT,90772
202602,2/16/2026,MRT,94189
202602,2/17/2026,MRT,61493
202602,2/18/2026,MRT,154749
202602,2/19/2026,MRT,140937
202602,2/20/2026,MRT,137539
202602,2/21/2026,MRT,51028
202602,2/22/2026,MRT,37012
202602,2/23/2026,MRT,148945
202602,2/24/2026,MRT,151347
202602,2/25/2026,MRT,155830
202602,2/26/2026,MRT,155151
202602,2/27/2026,MRT,161394
202602,2/28/2026,MRT,76759
202602,2/1/2026,LRT,3602
202602,2/2/2026,LRT,3686
202602,2/3/2026,LRT,4032
202602,2/4/2026,LRT,3699
202602,2/5/2026,LRT,3684
202602,2/6/2026,LRT,3849
202602,2/7/2026,LRT,4086
202602,2/8/2026,LRT,3325
202602,2/9/2026,LRT,3565
202602,2/10/2026,LRT,4294
202602,2/11/2026,LRT,4213
202602,2/12/2026,LRT,4109
202602,2/13/2026,LRT,4121
202602,2/14/2026,LRT,4195
202602,2/15/2026,LRT,3512
202602,2/16/2026,LRT,3851
202602,2/17/2026,LRT,3359
202602,2/18/2026,LRT,3811
202602,2/19/2026,LRT,3347
202602,2/20/2026,LRT,3702
202602,2/21/2026,LRT,3416
202602,2/22/2026,LRT,2190
202602,2/23/2026,LRT,3534
202602,2/24/2026,LRT,3459
202602,2/25/2026,LRT,3759
202602,2/26/2026,LRT,3579
202602,2/27/2026,LRT,3814
202602,2/28/2026,LRT,3474
202602,2/1/2026,KCI COMMUTER BANDARA,5596
202602,2/2/2026,KCI COMMUTER BANDARA,8188
202602,2/3/2026,KCI COMMUTER BANDARA,7893
202602,2/4/2026,KCI COMMUTER BANDARA,8061
202602,2/5/2026,KCI COMMUTER BANDARA,8057
202602,2/6/2026,KCI COMMUTER BANDARA,8531
202602,2/7/2026,KCI COMMUTER BANDARA,5698
202602,2/8/2026,KCI COMMUTER BANDARA,5799
202602,2/9/2026,KCI COMMUTER BANDARA,8522
202602,2/10/2026,KCI COMMUTER BANDARA,8204
202602,2/11/2026,KCI COMMUTER BANDARA,9138
202602,2/12/2026,KCI COMMUTER BANDARA,9144
202602,2/13/2026,KCI COMMUTER BANDARA,11263
202602,2/14/2026,KCI COMMUTER BANDARA,6950
202602,2/15/2026,KCI COMMUTER BANDARA,5386
202602,2/16/2026,KCI COMMUTER BANDARA,5589
202602,2/17/2026,KCI COMMUTER BANDARA,6139
202602,2/18/2026,KCI COMMUTER BANDARA,7174
202602,2/19/2026,KCI COMMUTER BANDARA,6181
202602,2/20/2026,KCI COMMUTER BANDARA,2444
202602,2/21/2026,KCI COMMUTER BANDARA,3679
202602,2/22/2026,KCI COMMUTER BANDARA,4205
202602,2/23/2026,KCI COMMUTER BANDARA,6993
202602,2/24/2026,KCI COMMUTER BANDARA,6559
202602,2/25/2026,KCI COMMUTER BANDARA,6878
202602,2/26/2026,KCI COMMUTER BANDARA,6722
202602,2/27/2026,KCI COMMUTER BANDARA,7379
202602,2/28/2026,KCI COMMUTER BANDARA,4489
202602,2/1/2026,KAPAL,2399
202602,2/2/2026,KAPAL,922
202602,2/3/2026,KAPAL,825
202602,2/4/2026,KAPAL,1176
202602,2/5/2026,KAPAL,1217
202602,2/6/2026,KAPAL,1133
202602,2/7/2026,KAPAL,3349
202602,2/8/2026,KAPAL,3792
202602,2/9/2026,KAPAL,1220
202602,2/10/2026,KAPAL,1247
202602,2/11/2026,KAPAL,1310
202602,2/12/2026,KAPAL,1165
202602,2/13/2026,KAPAL,1384
202602,2/14/2026,KAPAL,3661
202602,2/15/2026,KAPAL,4705
202602,2/16/2026,KAPAL,3213
202602,2/17/2026,KAPAL,2096
202602,2/18/2026,KAPAL,1196
202602,2/19/2026,KAPAL,545
202602,2/20/2026,KAPAL,293
202602,2/21/2026,KAPAL,1036
202602,2/22/2026,KAPAL,986
202602,2/23/2026,KAPAL,641
202602,2/24/2026,KAPAL,384
202602,2/25/2026,KAPAL,525
202602,2/26/2026,KAPAL,750
202602,2/27/2026,KAPAL,343
202602,2/28/2026,KAPAL,1109
202603,3/1/2026,TRANSJAKARTA,385884
202603,3/2/2026,TRANSJAKARTA,794332
202603,3/3/2026,TRANSJAKARTA,784036
202603,3/4/2026,TRANSJAKARTA,804323
202603,3/5/2026,TRANSJAKARTA,789649
202603,3/6/2026,TRANSJAKARTA,811326
202603,3/7/2026,TRANSJAKARTA,483776
202603,3/8/2026,TRANSJAKARTA,380492
202603,3/9/2026,TRANSJAKARTA,793487
202603,3/10/2026,TRANSJAKARTA,797394
202603,3/11/2026,TRANSJAKARTA,809368
202603,3/12/2026,TRANSJAKARTA,792592
202603,3/13/2026,TRANSJAKARTA,789226
202603,3/14/2026,TRANSJAKARTA,495646
202603,3/15/2026,TRANSJAKARTA,411729
202603,3/16/2026,TRANSJAKARTA,682905
202603,3/17/2026,TRANSJAKARTA,638884
202603,3/18/2026,TRANSJAKARTA,451088
202603,3/19/2026,TRANSJAKARTA,298989
202603,3/20/2026,TRANSJAKARTA,250137
202603,3/21/2026,TRANSJAKARTA,297662
202603,3/22/2026,TRANSJAKARTA,450517
202603,3/23/2026,TRANSJAKARTA,426502
202603,3/24/2026,TRANSJAKARTA,426579
202603,3/25/2026,TRANSJAKARTA,614821
202603,3/26/2026,TRANSJAKARTA,645029
202603,3/27/2026,TRANSJAKARTA,668327
202603,3/28/2026,TRANSJAKARTA,528950
202603,3/29/2026,TRANSJAKARTA,438536
202603,3/30/2026,TRANSJAKARTA,800195
202602,2/2/2026,BUS SEKOLAH,44727
202602,2/3/2026,BUS SEKOLAH,44825
202602,2/4/2026,BUS SEKOLAH,44970
202602,2/5/2026,BUS SEKOLAH,43600
202602,2/6/2026,BUS SEKOLAH,42738
202602,2/1/2026,TRANSJAKARTA,431716
202602,2/2/2026,TRANSJAKARTA,794440
202602,2/3/2026,TRANSJAKARTA,800098
202602,2/4/2026,TRANSJAKARTA,791404
202602,2/5/2026,TRANSJAKARTA,782858
202602,2/6/2026,TRANSJAKARTA,780700
202602,2/7/2026,TRANSJAKARTA,532843
202602,2/8/2026,TRANSJAKARTA,445674
202602,2/9/2026,TRANSJAKARTA,783619
202602,2/10/2026,TRANSJAKARTA,803489
202602,2/11/2026,TRANSJAKARTA,800638
202602,2/12/2026,TRANSJAKARTA,793651
202602,2/13/2026,TRANSJAKARTA,796472
202602,2/14/2026,TRANSJAKARTA,554386
202602,2/15/2026,TRANSJAKARTA,492686
202602,2/16/2026,TRANSJAKARTA,540763
202602,2/17/2026,TRANSJAKARTA,417502
202602,2/18/2026,TRANSJAKARTA,765595
202602,2/19/2026,TRANSJAKARTA,698469
202602,2/20/2026,TRANSJAKARTA,687927
202602,2/21/2026,TRANSJAKARTA,408069
202602,2/22/2026,TRANSJAKARTA,318982
202602,2/23/2026,TRANSJAKARTA,775066
202602,2/24/2026,TRANSJAKARTA,771093
202602,2/25/2026,TRANSJAKARTA,772712
202602,2/26/2026,TRANSJAKARTA,766563
202602,2/27/2026,TRANSJAKARTA,764123
202602,2/28/2026,TRANSJAKARTA,471835
202602,2/1/2026,MIKROTRANS,379527
202602,2/2/2026,MIKROTRANS,595301
202602,2/3/2026,MIKROTRANS,606893
202602,2/4/2026,MIKROTRANS,596150
202602,2/5/2026,MIKROTRANS,591842
202602,2/6/2026,MIKROTRANS,606841
202602,2/7/2026,MIKROTRANS,431930
202602,2/8/2026,MIKROTRANS,388296
202602,2/9/2026,MIKROTRANS,579971
202602,2/10/2026,MIKROTRANS,621432
202602,2/11/2026,MIKROTRANS,622260
202602,2/12/2026,MIKROTRANS,593107
202602,2/13/2026,MIKROTRANS,608780
202602,2/14/2026,MIKROTRANS,453759
202602,2/15/2026,MIKROTRANS,409565
202602,2/16/2026,MIKROTRANS,436306
202602,2/17/2026,MIKROTRANS,389903
202602,2/18/2026,MIKROTRANS,533551
202602,2/19/2026,MIKROTRANS,441697
202602,2/20/2026,MIKROTRANS,446375
202602,2/21/2026,MIKROTRANS,382913
202602,2/22/2026,MIKROTRANS,317089
202602,2/23/2026,MIKROTRANS,567605
202602,2/24/2026,MIKROTRANS,581672
202602,2/25/2026,MIKROTRANS,583856
202602,2/26/2026,MIKROTRANS,588848
202602,2/27/2026,MIKROTRANS,570629
202602,2/28/2026,MIKROTRANS,407028
202602,2/1/2026,BUS SEKOLAH,1752
202601,1/20/2026,MRT,164499
202601,1/21/2026,MRT,162133
202601,1/22/2026,MRT,164024
202601,1/23/2026,MRT,152027
202601,1/24/2026,MRT,92892
202601,1/25/2026,MRT,85371
202601,1/26/2026,MRT,153572
202601,1/27/2026,MRT,161441
202601,1/28/2026,MRT,162668
202601,1/29/2026,MRT,149305
202601,1/30/2026,MRT,161936
202601,1/31/2026,MRT,99501
202601,1/1/2026,LRT,6809
202601,1/2/2026,LRT,3326
202601,1/3/2026,LRT,3710
202601,1/4/2026,LRT,3196
202601,1/5/2026,LRT,3737
202601,1/6/2026,LRT,3685
202601,1/7/2026,LRT,3756
202601,1/8/2026,LRT,3576
202601,1/9/2026,LRT,3756
202601,1/10/2026,LRT,3576
202601,1/11/2026,LRT,2587
202601,1/12/2026,LRT,4136
202601,1/13/2026,LRT,3659
202601,1/14/2026,LRT,3724
202601,1/15/2026,LRT,4200
202601,1/16/2026,LRT,3584
202601,1/17/2026,LRT,4281
202601,1/18/2026,LRT,5109
202601,1/19/2026,LRT,3277
202601,1/20/2026,LRT,3344
202601,1/21/2026,LRT,1651
202601,1/22/2026,LRT,3306
202601,1/23/2026,LRT,3499
202601,1/24/2026,LRT,3983
202601,1/25/2026,LRT,3255
202601,1/26/2026,LRT,3251
202601,1/27/2026,LRT,3554
202601,1/28/2026,LRT,3428
202601,1/29/2026,LRT,3808
202601,1/30/2026,LRT,4050
202601,1/31/2026,LRT,4115
202601,1/1/2026,KCI COMMUTER BANDARA,5378
202601,1/2/2026,KCI COMMUTER BANDARA,5882
202601,1/3/2026,KCI COMMUTER BANDARA,5709
202601,1/4/2026,KCI COMMUTER BANDARA,7429
202601,1/5/2026,KCI COMMUTER BANDARA,7973
202601,1/6/2026,KCI COMMUTER BANDARA,7223
202601,1/7/2026,KCI COMMUTER BANDARA,7058
202601,1/8/2026,KCI COMMUTER BANDARA,7448
202601,1/9/2026,KCI COMMUTER BANDARA,7774
202601,1/10/2026,KCI COMMUTER BANDARA,5801
202601,1/11/2026,KCI COMMUTER BANDARA,4597
202601,1/12/2026,KCI COMMUTER BANDARA,8819
202601,1/13/2026,KCI COMMUTER BANDARA,7937
202601,1/14/2026,KCI COMMUTER BANDARA,8081
202601,1/15/2026,KCI COMMUTER BANDARA,9539
202601,1/16/2026,KCI COMMUTER BANDARA,5699
202601,1/17/2026,KCI COMMUTER BANDARA,4602
202601,1/18/2026,KCI COMMUTER BANDARA,6066
202601,1/19/2026,KCI COMMUTER BANDARA,8221
202601,1/20/2026,KCI COMMUTER BANDARA,7505
202601,1/21/2026,KCI COMMUTER BANDARA,7675
202601,1/22/2026,KCI COMMUTER BANDARA,8547
202601,1/23/2026,KCI COMMUTER BANDARA,9194
202601,1/24/2026,KCI COMMUTER BANDARA,5375
202601,1/25/2026,KCI COMMUTER BANDARA,5222
202601,1/26/2026,KCI COMMUTER BANDARA,7538
202601,1/27/2026,KCI COMMUTER BANDARA,7093
202601,1/28/2026,KCI COMMUTER BANDARA,7848
202601,1/29/2026,KCI COMMUTER BANDARA,8546
202601,1/30/2026,KCI COMMUTER BANDARA,9081
202601,1/31/2026,KCI COMMUTER BANDARA,6227
202601,1/1/2026,KAPAL,6297
202601,1/2/2026,KAPAL,3926
202601,1/3/2026,KAPAL,5582
202601,1/4/2026,KAPAL,4724
202601,1/5/2026,KAPAL,1929
202601,1/6/2026,KAPAL,1707
202601,1/7/2026,KAPAL,1633
202601,1/8/2026,KAPAL,1671
202601,1/9/2026,KAPAL,1225
202601,1/10/2026,KAPAL,3373
202601,1/11/2026,KAPAL,2734
202601,1/12/2026,KAPAL,889
202601,1/13/2026,KAPAL,626
202601,1/14/2026,KAPAL,847
202601,1/15/2026,KAPAL,672
202601,1/16/2026,KAPAL,3944
202601,1/17/2026,KAPAL,4594
202601,1/18/2026,KAPAL,329
202601,1/19/2026,KAPAL,856
202601,1/20/2026,KAPAL,1600
202601,1/21/2026,KAPAL,1859
202601,1/22/2026,KAPAL,493
202601,1/23/2026,KAPAL,144
202601,1/24/2026,KAPAL,1044
202601,1/25/2026,KAPAL,896
202601,1/26/2026,KAPAL,598
202601,1/27/2026,KAPAL,1033
202601,1/28/2026,KAPAL,1357
202601,1/29/2026,KAPAL,327
202601,1/30/2026,KAPAL,633
202601,1/31/2026,KAPAL,2675
202601,1/1/2026,TRANSJAKARTA,553970
202601,1/2/2026,TRANSJAKARTA,636835
202601,1/3/2026,TRANSJAKARTA,503632
202601,1/4/2026,TRANSJAKARTA,454938
202601,1/5/2026,TRANSJAKARTA,795080
202601,1/6/2026,TRANSJAKARTA,807401
202601,1/7/2026,TRANSJAKARTA,807416
202601,1/8/2026,TRANSJAKARTA,785442
202601,1/9/2026,TRANSJAKARTA,776648
202601,1/10/2026,TRANSJAKARTA,523760
202601,1/11/2026,TRANSJAKARTA,383028
202601,1/12/2026,TRANSJAKARTA,688294
202601,1/13/2026,TRANSJAKARTA,792289
202601,1/14/2026,TRANSJAKARTA,793705
202601,1/15/2026,TRANSJAKARTA,792256
202601,1/16/2026,TRANSJAKARTA,433077
202601,1/17/2026,TRANSJAKARTA,485465
202601,1/18/2026,TRANSJAKARTA,342657
202601,1/19/2026,TRANSJAKARTA,780909
202601,1/20/2026,TRANSJAKARTA,785507
202601,1/21/2026,TRANSJAKARTA,761585
202601,1/22/2026,TRANSJAKARTA,725275
202601,1/23/2026,TRANSJAKARTA,639743
202601,1/24/2026,TRANSJAKARTA,471767
202601,1/25/2026,TRANSJAKARTA,430918
202601,1/26/2026,TRANSJAKARTA,751478
202601,1/27/2026,TRANSJAKARTA,753347
202601,1/28/2026,TRANSJAKARTA,753924
202601,1/29/2026,TRANSJAKARTA,708606
202601,1/30/2026,TRANSJAKARTA,739253
202601,1/31/2026,TRANSJAKARTA,517998
202601,1/1/2026,MIKROTRANS,310979
202601,1/2/2026,MIKROTRANS,439108
202601,1/3/2026,MIKROTRANS,412675
202601,1/4/2026,MIKROTRANS,391478
202601,1/5/2026,MIKROTRANS,615683
202601,1/6/2026,MIKROTRANS,624652
202601,1/7/2026,MIKROTRANS,618445
202601,1/8/2026,MIKROTRANS,611702
202601,1/9/2026,MIKROTRANS,603740
202601,1/10/2026,MIKROTRANS,448447
202601,1/11/2026,MIKROTRANS,347999
202601,1/12/2026,MIKROTRANS,425209
202601,1/13/2026,MIKROTRANS,574878
202601,1/14/2026,MIKROTRANS,592307
202601,1/15/2026,MIKROTRANS,593390
202601,1/16/2026,MIKROTRANS,378686
202601,1/17/2026,MIKROTRANS,408981
202601,1/18/2026,MIKROTRANS,256774
202601,1/19/2026,MIKROTRANS,589669
202601,1/20/2026,MIKROTRANS,576654
202601,1/21/2026,MIKROTRANS,565281
202601,1/22/2026,MIKROTRANS,480831
202601,1/23/2026,MIKROTRANS,449624
202601,1/24/2026,MIKROTRANS,413859
202601,1/25/2026,MIKROTRANS,385719
202601,1/26/2026,MIKROTRANS,533202
202601,1/27/2026,MIKROTRANS,535021
202601,1/28/2026,MIKROTRANS,542149
202601,1/29/2026,MIKROTRANS,496453
202601,1/30/2026,MIKROTRANS,528497
202601,1/31/2026,MIKROTRANS,431423
202601,1/1/2026,BUS SEKOLAH,0
202601,1/2/2026,BUS SEKOLAH,0
202601,1/3/2026,BUS SEKOLAH,0
202601,1/4/2026,BUS SEKOLAH,240
202601,1/5/2026,BUS SEKOLAH,46413
202601,1/6/2026,BUS SEKOLAH,47776
202601,1/7/2026,BUS SEKOLAH,47604
202601,1/8/2026,BUS SEKOLAH,48836
202601,1/9/2026,BUS SEKOLAH,44863
202601,1/10/2026,BUS SEKOLAH,0
202601,1/11/2026,BUS SEKOLAH,0
202601,1/12/2026,BUS SEKOLAH,37853
202601,1/13/2026,BUS SEKOLAH,44840
202601,1/14/2026,BUS SEKOLAH,45777
202601,1/15/2026,BUS SEKOLAH,44613
202601,1/16/2026,BUS SEKOLAH,0
202601,1/17/2026,BUS SEKOLAH,3916
202601,1/18/2026,BUS SEKOLAH,100
202601,1/19/2026,BUS SEKOLAH,47905
202601,1/20/2026,BUS SEKOLAH,47036
202601,1/21/2026,BUS SEKOLAH,45220
202601,1/22/2026,BUS SEKOLAH,44134
202603,3/1/2026,KRL,696104
202603,3/2/2026,KRL,1145927
202603,3/3/2026,KRL,1064334
202603,3/4/2026,KRL,1112492
202603,3/5/2026,KRL,1101486
202603,3/6/2026,KRL,1127100
202603,3/7/2026,KRL,847339
202603,3/8/2026,KRL,750751
202603,3/9/2026,KRL,1185961
202603,3/10/2026,KRL,1150513
202603,3/11/2026,KRL,1155770
202603,3/12/2026,KRL,1168714
202603,3/13/2026,KRL,1175448
202603,3/14/2026,KRL,919224
202603,3/15/2026,KRL,794285
202603,3/16/2026,KRL,1099462
202603,3/17/2026,KRL,1022628
202603,3/18/2026,KRL,798442
202603,3/19/2026,KRL,546042
202603,3/20/2026,KRL,416422
202603,3/21/2026,KRL,685330
202603,3/22/2026,KRL,917302
202603,3/23/2026,KRL,913772
202603,3/24/2026,KRL,854860
202603,3/25/2026,KRL,1010817
202603,3/26/2026,KRL,982576
202603,3/27/2026,KRL,984234
202603,3/28/2026,KRL,915218
202603,3/29/2026,KRL,780184
202603,3/30/2026,KRL,1147525
202603,3/31/2026,KRL,1113425
202603,3/1/2026,MRT,57745
202603,3/2/2026,MRT,155529
202603,3/3/2026,MRT,158041
202603,3/4/2026,MRT,163597
202603,3/5/2026,MRT,167393
202603,3/6/2026,MRT,180962
202603,3/7/2026,MRT,104838
202603,3/8/2026,MRT,65431
202603,3/9/2026,MRT,162941
202603,3/10/2026,MRT,171274
202603,3/11/2026,MRT,175289
202603,3/12/2026,MRT,174624
202603,3/13/2026,MRT,178040
202603,3/14/2026,MRT,79277
202603,3/15/2026,MRT,58441
202603,3/16/2026,MRT,137014
202603,3/17/2026,MRT,127060
202603,3/18/2026,MRT,69734
202603,3/19/2026,MRT,43820
202603,3/20/2026,MRT,43093
202603,3/21/2026,MRT,51189
202603,3/22/2026,MRT,83928
202603,3/23/2026,MRT,77006
202603,3/24/2026,MRT,76196
202603,3/25/2026,MRT,113046
202603,3/26/2026,MRT,104183
202603,3/27/2026,MRT,113439
202603,3/28/2026,MRT,71910
202603,3/29/2026,MRT,57262
202603,3/30/2026,MRT,129677
202603,3/31/2026,MRT,133966
202603,3/1/2026,LRT,2789
202603,3/2/2026,LRT,3579
202603,3/3/2026,LRT,3672
202603,3/4/2026,LRT,3722
202603,3/5/2026,LRT,3600
202603,3/6/2026,LRT,4646
202603,3/7/2026,LRT,3613
202603,3/8/2026,LRT,3303
202603,3/9/2026,LRT,3771
202603,3/10/2026,LRT,3837
202603,3/11/2026,LRT,3894
202603,3/12/2026,LRT,4254
202603,3/13/2026,LRT,4709
202603,3/14/2026,LRT,4185
202603,3/15/2026,LRT,3622
202603,3/16/2026,LRT,4077
202603,3/17/2026,LRT,3870
202603,3/18/2026,LRT,3463
202603,3/19/2026,LRT,2683
202603,3/20/2026,LRT,2361
202603,3/21/2026,LRT,4420
202603,3/22/2026,LRT,5567
202603,3/23/2026,LRT,3315
202603,3/24/2026,LRT,3099
202603,3/25/2026,LRT,3471
202603,3/26/2026,LRT,3633
202603,3/27/2026,LRT,3885
202603,3/28/2026,LRT,4057
202603,3/29/2026,LRT,2849
202603,3/30/2026,LRT,3364
202603,3/31/2026,LRT,3364
202603,3/1/2026,KCI COMMUTER BANDARA,4329
202603,3/2/2026,KCI COMMUTER BANDARA,6973
202603,3/3/2026,KCI COMMUTER BANDARA,6633
202603,3/4/2026,KCI COMMUTER BANDARA,6971
202603,3/5/2026,KCI COMMUTER BANDARA,7029
202603,3/6/2026,KCI COMMUTER BANDARA,8402
202603,3/7/2026,KCI COMMUTER BANDARA,4835
202603,3/8/2026,KCI COMMUTER BANDARA,5053
202603,3/9/2026,KCI COMMUTER BANDARA,7549
202603,3/10/2026,KCI COMMUTER BANDARA,7755
202603,3/11/2026,KCI COMMUTER BANDARA,8200
202603,3/12/2026,KCI COMMUTER BANDARA,7983
202603,3/13/2026,KCI COMMUTER BANDARA,9966
202603,3/14/2026,KCI COMMUTER BANDARA,8805
202603,3/15/2026,KCI COMMUTER BANDARA,6381
202603,3/16/2026,KCI COMMUTER BANDARA,8589
202603,3/17/2026,KCI COMMUTER BANDARA,10465
202603,3/18/2026,KCI COMMUTER BANDARA,9096
202603,3/19/2026,KCI COMMUTER BANDARA,6404
202603,3/20/2026,KCI COMMUTER BANDARA,4291
202603,3/21/2026,KCI COMMUTER BANDARA,4033
202603,3/22/2026,KCI COMMUTER BANDARA,5479
202603,3/23/2026,KCI COMMUTER BANDARA,7039
202603,3/24/2026,KCI COMMUTER BANDARA,905
202603,3/25/2026,KCI COMMUTER BANDARA,8561
202603,3/26/2026,KCI COMMUTER BANDARA,789
202603,3/27/2026,KCI COMMUTER BANDARA,7741
202603,3/28/2026,KCI COMMUTER BANDARA,7299
202603,3/29/2026,KCI COMMUTER BANDARA,8731
202603,3/30/2026,KCI COMMUTER BANDARA,8768
202603,3/31/2026,KCI COMMUTER BANDARA,8265
202603,3/1/2026,KAPAL,988
202603,3/2/2026,KAPAL,801
202603,3/3/2026,KAPAL,566
202603,3/4/2026,KAPAL,837
202603,3/5/2026,KAPAL,760
202603,3/6/2026,KAPAL,1111
202603,3/7/2026,KAPAL,1662
202603,3/8/2026,KAPAL,1216
202603,3/9/2026,KAPAL,1107
202603,3/10/2026,KAPAL,824
202603,3/11/2026,KAPAL,1043
202603,3/12/2026,KAPAL,1126
202603,3/13/2026,KAPAL,1184
202603,3/14/2026,KAPAL,2079
202603,3/15/2026,KAPAL,2020
202603,3/16/2026,KAPAL,2145
202603,3/17/2026,KAPAL,1640
202603,3/18/2026,KAPAL,3652
202603,3/19/2026,KAPAL,5604
202603,3/20/2026,KAPAL,6116
202603,3/21/2026,KAPAL,8045
202603,3/22/2026,KAPAL,16272
202603,3/23/2026,KAPAL,19136
202603,3/24/2026,KAPAL,14775
202603,3/25/2026,KAPAL,12506
202603,3/26/2026,KAPAL,8504
202603,3/27/2026,KAPAL,7228
202603,3/28/2026,KAPAL,10368
202603,3/29/2026,KAPAL,9052
202603,3/30/2026,KAPAL,2568
202603,3/31/2026,KAPAL,1815
202604,4/21/2026,MRT,124773
202604,4/22/2026,MRT,155706
202604,4/23/2026,MRT,162457
202604,4/24/2026,MRT,198728
202604,4/25/2026,MRT,103703
202604,4/26/2026,MRT,96545
202604,4/27/2026,MRT,157210
202604,4/28/2026,MRT,157929
202604,4/29/2026,MRT,142611
202604,4/30/2026,MRT,174819
202604,4/1/2026,LRT,3798
202604,4/2/2026,LRT,3848
202604,4/3/2026,LRT,3579
202604,4/4/2026,LRT,3736
202604,4/5/2026,LRT,3110
202604,4/6/2026,LRT,3794
202604,4/7/2026,LRT,3574
202604,4/8/2026,LRT,4744
202604,4/9/2026,LRT,3930
202604,4/10/2026,LRT,4211
202604,4/11/2026,LRT,5851
202604,4/12/2026,LRT,3267
202604,4/13/2026,LRT,3533
202604,4/14/2026,LRT,2945
202604,4/15/2026,LRT,3245
202604,4/16/2026,LRT,3051
202604,4/17/2026,LRT,3004
202604,4/18/2026,LRT,3092
202604,4/19/2026,LRT,3579
202604,4/20/2026,LRT,3587
202604,4/21/2026,LRT,4649
202604,4/22/2026,LRT,3751
202604,4/23/2026,LRT,4025
202604,4/24/2026,LRT,9320
202604,4/25/2026,LRT,4503
202604,4/26/2026,LRT,3433
202604,4/27/2026,LRT,3523
202604,4/28/2026,LRT,4122
202604,4/29/2026,LRT,4132
202604,4/30/2026,LRT,4581
202604,4/1/2026,KCI COMMUTER BANDARA,8131
202604,4/2/2026,KCI COMMUTER BANDARA,8627
202604,4/3/2026,KCI COMMUTER BANDARA,5490
202604,4/4/2026,KCI COMMUTER BANDARA,5000
202604,4/5/2026,KCI COMMUTER BANDARA,6051
202604,4/6/2026,KCI COMMUTER BANDARA,7677
202604,4/7/2026,KCI COMMUTER BANDARA,7344
202604,4/8/2026,KCI COMMUTER BANDARA,7276
202604,4/9/2026,KCI COMMUTER BANDARA,6906
202604,4/10/2026,KCI COMMUTER BANDARA,7645
202604,4/11/2026,KCI COMMUTER BANDARA,5024
202604,4/12/2026,KCI COMMUTER BANDARA,4935
202604,4/13/2026,KCI COMMUTER BANDARA,6958
202604,4/14/2026,KCI COMMUTER BANDARA,6925
202604,4/15/2026,KCI COMMUTER BANDARA,7260
202604,4/16/2026,KCI COMMUTER BANDARA,7667
202604,4/17/2026,KCI COMMUTER BANDARA,7551
202604,4/18/2026,KCI COMMUTER BANDARA,4603
202604,4/19/2026,KCI COMMUTER BANDARA,4828
202604,4/20/2026,KCI COMMUTER BANDARA,7059
202604,4/21/2026,KCI COMMUTER BANDARA,6502
202604,4/22/2026,KCI COMMUTER BANDARA,6614
202604,4/23/2026,KCI COMMUTER BANDARA,6395
202604,4/24/2026,KCI COMMUTER BANDARA,7530
202604,4/25/2026,KCI COMMUTER BANDARA,4581
202604,4/26/2026,KCI COMMUTER BANDARA,4263
202604,4/27/2026,KCI COMMUTER BANDARA,6841
202604,4/28/2026,KCI COMMUTER BANDARA,6805
202604,4/29/2026,KCI COMMUTER BANDARA,6558
202604,4/30/2026,KCI COMMUTER BANDARA,8222
202604,4/1/2026,KAPAL,2084
202604,4/2/2026,KAPAL,2455
202604,4/3/2026,KAPAL,9902
202604,4/4/2026,KAPAL,12455
202604,4/5/2026,KAPAL,8651
202604,4/6/2026,KAPAL,1925
202604,4/7/2026,KAPAL,1817
202604,4/8/2026,KAPAL,1903
202604,4/9/2026,KAPAL,2444
202604,4/10/2026,KAPAL,2677
202604,4/11/2026,KAPAL,7206
202604,4/12/2026,KAPAL,6470
202604,4/13/2026,KAPAL,1651
202604,4/14/2026,KAPAL,1625
202604,4/15/2026,KAPAL,1719
202604,4/16/2026,KAPAL,1730
202604,4/17/2026,KAPAL,1928
202604,4/18/2026,KAPAL,6846
202604,4/19/2026,KAPAL,6065
202604,4/20/2026,KAPAL,1717
202604,4/21/2026,KAPAL,1447
202604,4/22/2026,KAPAL,1885
202604,4/23/2026,KAPAL,1665
202604,4/24/2026,KAPAL,1666
202604,4/25/2026,KAPAL,7259
202604,4/26/2026,KAPAL,6295
202604,4/27/2026,KAPAL,1731
202604,4/28/2026,KAPAL,1344
202604,4/29/2026,KAPAL,1529
202604,4/30/2026,KAPAL,2351
202604,4/1/2026,TRANSJAKARTA,826184
202604,4/2/2026,TRANSJAKARTA,817260
202604,4/3/2026,TRANSJAKARTA,479736
202604,4/4/2026,TRANSJAKARTA,509419
202604,4/5/2026,TRANSJAKARTA,460508
202604,4/6/2026,TRANSJAKARTA,815157
202604,4/7/2026,TRANSJAKARTA,831622
202604,4/8/2026,TRANSJAKARTA,825413
202604,4/9/2026,TRANSJAKARTA,826394
202604,4/10/2026,TRANSJAKARTA,781949
202604,4/11/2026,TRANSJAKARTA,569927
202604,4/12/2026,TRANSJAKARTA,490982
202604,4/13/2026,TRANSJAKARTA,819434
202604,4/14/2026,TRANSJAKARTA,830477
202604,4/15/2026,TRANSJAKARTA,832418
202604,4/16/2026,TRANSJAKARTA,824583
202604,4/17/2026,TRANSJAKARTA,779058
202604,4/18/2026,TRANSJAKARTA,567745
202604,4/19/2026,TRANSJAKARTA,472350
202604,4/20/2026,TRANSJAKARTA,819852
202604,4/21/2026,TRANSJAKARTA,818562
202604,4/22/2026,TRANSJAKARTA,820132
202604,4/23/2026,TRANSJAKARTA,807912
202604,4/24/2026,TRANSJAKARTA,860705
202604,4/25/2026,TRANSJAKARTA,565139
202604,4/26/2026,TRANSJAKARTA,483904
202604,4/27/2026,TRANSJAKARTA,817525
202604,4/28/2026,TRANSJAKARTA,818800
202604,4/29/2026,TRANSJAKARTA,821940
202604,4/30/2026,TRANSJAKARTA,836204
202604,4/1/2026,MIKROTRANS,587079
202604,4/2/2026,MIKROTRANS,576506
202604,4/3/2026,MIKROTRANS,396878
202604,4/4/2026,MIKROTRANS,406283
202604,4/5/2026,MIKROTRANS,382905
202604,4/6/2026,MIKROTRANS,585429
202604,4/7/2026,MIKROTRANS,601159
202604,4/8/2026,MIKROTRANS,586588
202604,4/9/2026,MIKROTRANS,597725
202604,4/10/2026,MIKROTRANS,591557
202604,4/11/2026,MIKROTRANS,435435
202604,4/12/2026,MIKROTRANS,378577
202604,4/13/2026,MIKROTRANS,585128
202604,4/14/2026,MIKROTRANS,585117
202604,4/15/2026,MIKROTRANS,596987
202604,4/16/2026,MIKROTRANS,598723
202604,4/17/2026,MIKROTRANS,594454
202604,4/18/2026,MIKROTRANS,449119
202604,4/19/2026,MIKROTRANS,388976
202604,4/20/2026,MIKROTRANS,598217
202604,4/21/2026,MIKROTRANS,592491
202604,4/22/2026,MIKROTRANS,603415
202604,4/23/2026,MIKROTRANS,595603
202604,4/24/2026,MIKROTRANS,594917
202604,4/25/2026,MIKROTRANS,445417
202604,4/26/2026,MIKROTRANS,393492
202604,4/27/2026,MIKROTRANS,596711
202604,4/28/2026,MIKROTRANS,573116
202604,4/29/2026,MIKROTRANS,596023
202604,4/30/2026,MIKROTRANS,575961
202604,4/1/2026,BUS SEKOLAH,44382
202604,4/2/2026,BUS SEKOLAH,43483
202604,4/3/2026,BUS SEKOLAH,1980
202604,4/4/2026,BUS SEKOLAH,2008
202604,4/5/2026,BUS SEKOLAH,1220
202604,4/6/2026,BUS SEKOLAH,41650
202604,4/7/2026,BUS SEKOLAH,44124
202604,4/8/2026,BUS SEKOLAH,44390
202604,4/9/2026,BUS SEKOLAH,44005
202604,4/10/2026,BUS SEKOLAH,42853
202604,4/11/2026,BUS SEKOLAH,6504
202604,4/12/2026,BUS SEKOLAH,5412
202604,4/13/2026,BUS SEKOLAH,44532
202604,4/14/2026,BUS SEKOLAH,45349
202604,4/15/2026,BUS SEKOLAH,45469
202604,4/16/2026,BUS SEKOLAH,46101
202604,4/17/2026,BUS SEKOLAH,43502
202604,4/18/2026,BUS SEKOLAH,3836
202604,4/19/2026,BUS SEKOLAH,1348
202604,4/20/2026,BUS SEKOLAH,47438
202604,4/21/2026,BUS SEKOLAH,48392
202604,4/22/2026,BUS SEKOLAH,44883
202604,4/23/2026,BUS SEKOLAH,46674
202604,4/24/2026,BUS SEKOLAH,43581
202604,4/25/2026,BUS SEKOLAH,4244
202604,4/26/2026,BUS SEKOLAH,4804
202604,4/27/2026,BUS SEKOLAH,44385
202604,4/28/2026,BUS SEKOLAH,45246
202604,4/29/2026,BUS SEKOLAH,46803
202604,4/30/2026,BUS SEKOLAH,47301
202604,4/1/2026,KRL,1132897
202604,4/2/2026,KRL,1154322
202604,4/3/2026,KRL,813966
202604,4/4/2026,KRL,900964
202604,4/5/2026,KRL,829129
202604,4/6/2026,KRL,1147785
202604,4/7/2026,KRL,1123157
202604,4/8/2026,KRL,1114055
202604,4/9/2026,KRL,1114229
202604,4/10/2026,KRL,1080471
202604,4/11/2026,KRL,925087
202604,4/12/2026,KRL,804404
202604,4/13/2026,KRL,1128076
202604,4/14/2026,KRL,1100149
202604,4/15/2026,KRL,1101002
202604,4/16/2026,KRL,1107497
202604,4/17/2026,KRL,1070717
202604,4/18/2026,KRL,892626
202604,4/19/2026,KRL,757289
202604,4/20/2026,KRL,1123851
202604,4/21/2026,KRL,1094899
202604,4/22/2026,KRL,1079837
202604,4/23/2026,KRL,1086496
202604,4/24/2026,KRL,1056236
202604,4/25/2026,KRL,884298
202604,4/26/2026,KRL,762491
202604,4/27/2026,KRL,1116719
202604,4/28/2026,KRL,980241
202604,4/29/2026,KRL,1008545
202604,4/30/2026,KRL,1095569
202604,4/1/2026,MRT,154710
202604,4/2/2026,MRT,101768
202604,4/3/2026,MRT,57228
202604,4/4/2026,MRT,52865
202604,4/5/2026,MRT,74900
202604,4/6/2026,MRT,152726
202604,4/7/2026,MRT,161177
202604,4/8/2026,MRT,155081
202604,4/9/2026,MRT,120779
202604,4/10/2026,MRT,154047
202604,4/11/2026,MRT,97319
202604,4/12/2026,MRT,82509
202604,4/13/2026,MRT,154421
202604,4/14/2026,MRT,163242
202604,4/15/2026,MRT,149841
202604,4/16/2026,MRT,69700
202604,4/17/2026,MRT,162647
202604,4/18/2026,MRT,101606
202604,4/19/2026,MRT,86965
202604,4/20/2026,MRT,151248
202603,3/31/2026,TRANSJAKARTA,796817
202603,3/1/2026,MIKROTRANS,356427
202603,3/2/2026,MIKROTRANS,582117
202603,3/3/2026,MIKROTRANS,565581
202603,3/4/2026,MIKROTRANS,590645
202603,3/5/2026,MIKROTRANS,575726
202603,3/6/2026,MIKROTRANS,568986
202603,3/7/2026,MIKROTRANS,404472
202603,3/8/2026,MIKROTRANS,319791
202603,3/9/2026,MIKROTRANS,577910
202603,3/10/2026,MIKROTRANS,571782
202603,3/11/2026,MIKROTRANS,574408
202603,3/12/2026,MIKROTRANS,550588
202603,3/13/2026,MIKROTRANS,538693
202603,3/14/2026,MIKROTRANS,407766
202603,3/15/2026,MIKROTRANS,373966
202603,3/16/2026,MIKROTRANS,467541
202603,3/17/2026,MIKROTRANS,444957
202603,3/18/2026,MIKROTRANS,382109
202603,3/19/2026,MIKROTRANS,301894
202603,3/20/2026,MIKROTRANS,252526
202603,3/21/2026,MIKROTRANS,149467
202603,3/22/2026,MIKROTRANS,261171
202603,3/23/2026,MIKROTRANS,304763
202603,3/24/2026,MIKROTRANS,316754
202603,3/25/2026,MIKROTRANS,399456
202603,3/26/2026,MIKROTRANS,415083
202603,3/27/2026,MIKROTRANS,445380
202603,3/28/2026,MIKROTRANS,393780
202603,3/29/2026,MIKROTRANS,362743
202603,3/30/2026,MIKROTRANS,559316
202603,3/31/2026,MIKROTRANS,575814
202603,3/1/2026,BUS SEKOLAH,0
202603,3/2/2026,BUS SEKOLAH,43914
202603,3/3/2026,BUS SEKOLAH,42752
202603,3/4/2026,BUS SEKOLAH,44427
202603,3/5/2026,BUS SEKOLAH,42520
202603,3/6/2026,BUS SEKOLAH,40785
202603,3/7/2026,BUS SEKOLAH,3526
202603,3/8/2026,BUS SEKOLAH,0
202603,3/9/2026,BUS SEKOLAH,52994
202603,3/10/2026,BUS SEKOLAH,50641
202603,3/11/2026,BUS SEKOLAH,50625
202603,3/12/2026,BUS SEKOLAH,50773
202603,3/13/2026,BUS SEKOLAH,52718
202603,3/14/2026,BUS SEKOLAH,0
202603,3/15/2026,BUS SEKOLAH,0
202603,3/16/2026,BUS SEKOLAH,0
202603,3/17/2026,BUS SEKOLAH,0
202603,3/18/2026,BUS SEKOLAH,3521
202603,3/19/2026,BUS SEKOLAH,0
202603,3/20/2026,BUS SEKOLAH,5052
202603,3/21/2026,BUS SEKOLAH,0
202603,3/22/2026,BUS SEKOLAH,0
202603,3/23/2026,BUS SEKOLAH,0
202603,3/24/2026,BUS SEKOLAH,0
202603,3/25/2026,BUS SEKOLAH,0
202603,3/26/2026,BUS SEKOLAH,3054
202603,3/27/2026,BUS SEKOLAH,4863
202603,3/28/2026,BUS SEKOLAH,15548
202603,3/29/2026,BUS SEKOLAH,0
202603,3/30/2026,BUS SEKOLAH,55983
202603,3/31/2026,BUS SEKOLAH,50444
